tag_id,tag_name
1,100
2,1800S
3,18Th
4,1920S
5,1940S
6,1950S
7,1960S
8,19Th
9,20Th
10,21St
11,2Nd
12,40K
13,70
14,Abandoned
15,Abduction
16,Abenteuer
17,Ability
18,Abolition
19,Abolitionism
20,Abolitionist
21,Aboriginal
22,Absurd
23,Absurdist
24,Abundance
25,Abuse
26,Abused
27,Abusive
28,Abyssal
29,Academia
30,Academic
31,Academy
32,Acadian
33,Acceptance
34,Accidental
35,Accidents
36,Ace
37,Acheron
38,Acid
39,Acquaintance
40,Acting
41,Action
42,Activism
43,Adaptation
44,Addicts
45,Addiction
46,Adept
47,Adolescent
48,Adoption
49,Adrenaline
50,Adult
51,Adultery
52,Fiction
53,Adventure
54,Advertising
55,Aeronautics
56,Aerospace
57,Affair
58,African Literature
59,Afro
60,Afrocentric
61,After
62,Afterdark
63,Afterlife
64,Age
65,Agency
66,Agents
67,Agoraphobia
68,Ai
69,Aids
70,Air
71,Airborn
72,Airplane
73,Airships
74,Alaska
75,Alchemists
76,Alchemy
77,Alcoholics
78,Alcoholism
79,Aleph
80,Algerian
81,Alien
82,Aliens
83,Alive
84,All
85,Allegory
86,Alliances
87,Alpha
88,Alt
89,Altered
90,Alternate
91,Alternating
92,Alternative
93,Am
94,Amateur
95,Amazons
96,American
97,Americana
98,Americani
99,Americans
100,Amish
101,Amnesia
102,Amor
103,Amulet
104,Analytic
105,Analytical
106,Anarchism
107,Anarcho
108,Anarchy
109,Anasazi
110,Ancient
111,Androids
112,Angel
113,Angelfire
114,Angelology
115,Angels
116,Anglo
117,Angst
118,Angsty
119,Animal
120,Animalia
121,Anime
122,Animals
123,Annexation
124,Antarctic
125,Antarctica
126,Anthology
127,Anthologies
128,Anthro
129,Anthropology
130,Anthropomorphic
131,Anti
132,Antihero
133,Antiquity
134,Antisemitism
135,Apartheid
136,Aphorisms
137,Apocalypse
138,Apocalypsies
139,Apocalyptic
140,Apologetics
141,Apothecary
142,Appalachia
143,Appalachian
144,Apprentice
145,Arab
146,Arabia
147,Arabian
148,Arabic
149,Arabiclit
150,Arachnids
151,Arch
152,Archaelogical
153,Archaeological
154,Archaeology
155,Archeology
156,Archer
157,Archetypes
158,Architecture
159,Archives
160,Arctic
161,Argentine
162,Argentinian
163,Aristocracy
164,Armageddon
165,Arms
166,Army
167,Arranged
168,Arrepios
169,Arsenic
170,Arson
171,Art
172,Arthurian
173,Arthuriana
174,Artifacts
175,Artificial
176,Arts
177,Artsy
178,Ascendance
179,Asian
180,Asphyxia
181,Assasins
182,Assassin
183,Assassination
184,Assassins
185,Asshole
186,Assisted
187,Assorted
188,Astro
189,Astronaut
190,Astronomy
191,Astrophysics
192,Asylum
193,At
194,Atheism
195,Atheist
196,Athletics
197,Atlantis
198,Atomic
199,Atonement
200,Atrocity
201,Attacks
202,Attorney
203,Audio
204,Augmented
205,Aura
206,Auschwitz
207,Aussie
208,Austenesque
209,Australian
210,Australiana
211,Austrian
212,Auto
213,Autobio
214,Biography
215,Automatons
216,Avalon
217,Avant
218,Avatar
219,Aventura
220,Aviation
221,Avventura
222,Awakening
223,War
224,Azione
225,Aztec
226,Baby
227,Bad
228,Badass
229,Baking
230,Ballet
231,Banda
232,Bank
233,Banned
234,Banshee
235,Banter
236,Bard
237,Bardolatry
238,Baroque
239,Baseball
240,Basque
241,Battle
242,Bbw
243,Bd
244,Bds
245,Bdsm
246,Beach
247,Beach-Read
248,Beachy
249,Bean
250,Beat
251,Beatnik
252,Beautiful
253,Beauty
254,Beaux
255,Bedtime
256,Beginning
257,Behavioral
258,Behavioural
259,Beletrie
260,Beletristica
261,Belgian
262,Belletristik
263,Bereavement
264,Berserker
265,Best
266,Bestiaries
267,Young Adult
268,Between
269,Bible
270,Biblical
271,Bibliophilia
272,Bibliothecaris
273,Bibliotherapy
274,Big
275,Bigamy
276,Bigfoot
277,Biker
278,Bikers
279,Bildungromane
280,Bildungsroman
281,Bilim
282,Bilimkurgu
283,Billionaire
284,Billionaires
285,Bio
286,Bioengineering
287,Bioethics
288,Biografia
289,Biografien
290,Biografier
291,Biográficos
292,Biological
293,Biopunk
294,Bios
295,Biotech
296,Biotechnology
297,Biracial
298,Bisexual
299,Bit
300,Bittersweet
301,Bizarre
302,Bizarro
303,Bizzaro
304,Bl
305,Black
306,Blackmail
307,Blacksmithing
308,Blended
309,Blind
310,Bliss
311,Blitz
312,Blizzard
313,Blood
314,Bloodbath
315,Bloodletting
316,Bloodline
317,Blues
318,Bluestocking
319,Board
320,Boardbook
321,Boarding
322,Bodice
323,Bodies
324,Body
325,Bohemia
326,Bombing
327,Bond
328,Bondage
329,Bones
330,Book
331,Books
332,Bootlegging
333,Boss
334,Botany
335,Bounty
336,Boxing
337,Boy
338,Boys
339,Brainship
340,Brainwashing
341,Bravery
342,Brazen
343,Brazilian
344,Breadwinner
345,Breathless
346,Breed
347,Brides
348,Brigands
349,Brit
350,British
351,Britlit
352,Broken
353,Romance
354,Brother
355,Brotherhood
356,Brotherly
357,Brothers
358,Buddhism
359,Buddhist
360,Budo
361,Bully
362,Bureaucracy
363,Buried
364,Burned
365,Bushrangers
366,Business
367,Businessmen
368,Butch
369,C
370,Cabin
371,Cadavers
372,Cajun
373,Calvinism
374,Camelot
375,Camping
376,Campus
377,Can
378,Canadian
379,Canadiana
380,Candidates
381,Canlit
382,Cannablism
383,Cannibalism
384,Canon
385,Caper
386,Capes
387,Capital
388,Capitalism
389,Captive
390,Career
391,Caribbean
392,Carnival
393,Carpathian
394,Cartel
395,Cartographers
396,Cartography
397,Cartoon
398,Cartoons
399,Case
400,Castaways
401,Caste
402,Casters
403,Castle
404,Castrati
405,Casualties
406,Cat
407,Catastrophe
408,Catholic
409,Catholicism
410,Cavemen
411,Celebrity
412,Celestial
413,Celtic
414,Cemetery
415,Censorship
416,Ceo
417,Ceremonies
418,Chain
419,Chains
420,Chameleon
421,Changeling
422,Channeled
423,Chaos
424,Chapter
425,Character
426,Chase
427,Cheater
428,Cheating
429,Cheesy
430,Chemistry
431,Cherub
432,Chevalier
433,Chew
434,Chic
435,Chica
436,Chicano
437,Chick Lit
438,Chiclit
439,Chik
440,Chiklit
441,Children
442,Chilean
443,Chima
444,Chinatown
445,Chinese
446,Chocolate
447,Choice
448,Cholera
449,Christian
450,Christianity
451,Christianliving
452,Christmas
453,Chronicles
454,Church
455,Ci
456,Cia
457,Ciencia
458,Cifi
459,Circus
460,Citadel
461,Civics
462,Civil
463,Civilization
464,Ciència
465,Clandestine
466,Class
467,Classics
468,Clean
469,Cli
470,Cliffhanger
471,Climate
472,Climatology
473,Climbing
474,Clinical
475,Clique
476,Clones
477,Clowns
478,Clues
479,Clàssics
480,Clásicos
481,Clássico
482,Coaching
483,Cocaine
484,Code
485,Codependent
486,Codex
487,Coding
488,Cog
489,Cognition
490,Cognitive
491,Cold
492,Coldfire
493,Collapse
494,College
495,Collide
496,Colombian
497,Colonial
498,Colonisation
499,Colonization
500,Colony
501,Coma
502,Comanche
503,Combat
504,Comedic
505,Comedy
506,Comet
507,Comic
508,Comicbook
509,Comicmanga
510,Comics
511,Comic-Strip
512,Coming
513,Comix
514,Commander
515,Commitment
516,Commune
517,Communism
518,Communist
519,Comp
520,Companion
521,Companionship
522,Comparative
523,Competition
524,Compilations
525,Complicated
526,Science Fiction
527,Computer
528,Computers
529,Computing
530,Concentration
531,Conclave
532,Confessional
533,Confessions
534,Conflict
535,Confucianism
536,Congo
537,Conqueror
538,Conquistadors
539,Consequences
540,Conservation
541,Conspiracy
542,Consumerism
543,Contamination
544,Contemporary
545,Continental
546,Contracts
547,Convicts
548,Cook
549,Cookbook
550,Cookbookery
551,Cookbooks
552,Cookboooks
553,Cookery
554,Cooks
555,Cooking
556,Cooperation
557,Cop
558,Cops
559,Corduroy
560,Corporate
561,Corps
562,Correspondence
563,Corrupt
564,Cosmic
565,Cosmology
566,Cosmos
567,Cosy
568,Counseling
569,Counselling
570,Counter
571,Counterculture
572,Counterfeiters
573,Counterinsurgency
574,Counterterrorism
575,Country
576,Court
577,Courtesan
578,Courtiers
579,Courtroom
580,Courtship
581,Covenant
582,Covert
583,Cowboy
584,Coyote
585,Cozy
586,Crack
587,Craft
588,Crafts
589,Crank
590,Crazy
591,Creation
592,Creative
593,Creativity
594,Creature
595,Creatures
596,Creepy
597,Creole
598,Crime
599,Criminal
600,Criminales
601,Criminology
602,Crises
603,Crisis
604,Critica
605,Critical
606,Criticism
607,Cross
608,Crossdressing
609,Crossfire
610,Crossover
611,Crossroads
612,Crude
613,Cruel
614,Cruelty
615,Crusades
616,Crush
617,Crypto
618,Cryptography
619,Cryptology
620,Cthulhu
621,Cuban
622,Cuento
623,Culinary
624,Cult
625,Cults
626,Culture
627,Cultural
628,Culturally
629,Curse
630,Curvy
631,Custody
632,Cute
633,Cutting
634,Cyber
635,Cyberhard
636,Cyberpunk
637,Cybersecurity
638,Cyberspace
639,Czech
640,Cómics
641,D
642,Dacians
643,Daemon
644,Dance
645,Danse
646,Daoism
647,Dar
648,Dark
649,Darkside
650,Darwinism
651,Data
652,Date
653,Dating
654,Daughters
655,Dead
656,Deaf
657,Dealing
658,Death
659,Decadence
660,Deception
661,Deckare
662,Decolonization
663,Deep
664,Defenders
665,Defiance
666,Defy
667,Dekkarit
668,Demigod
669,Demon
670,Demoniac
671,Demonic
672,Demonica
673,Demonology
674,Demons
675,Denial
676,Depravity
677,Depressing
678,Depression
679,Depth
680,Depths
681,Derecho
682,Desert
683,Deserted
684,Desi
685,Desperation
686,Dessert
687,Destined
688,Destiny
689,Mystery
690,Detektivky
691,Determinism
692,Development
693,Devil
694,Devotion
695,Devotional
696,Devotionals
697,Dewasa
698,Dharma
699,Diary
700,Diaries
701,Diaspora
702,Dictatorship
703,Didactic
704,Dieselpunk
705,Digital
706,Dinosaur
707,Diplomacy
708,Dirty
709,Disability
710,Disabled
711,Disappearance
712,Disaster
713,Discarded
714,Discrimination
715,Disease
716,Disfunctional
717,Dishonesty
718,Dissenters
719,Dissociative
720,Dissonance
721,Distopia
722,Distopian
723,Distopía
724,Disturbing
725,Diverse
726,Diversity
727,Divination
728,Divine
729,Divorce
730,Divulgacion
731,Divulgazione
732,Djinn
733,Dna
734,Dnd
735,Dnp
736,Documentary
737,Dog
738,Dolls
739,Dom
740,Domestic
741,Dominance
742,Domination
743,Donne
744,Doomsday
745,Drag
746,Dragon
747,Dragon-Rider
748,Dragons
749,Drama
750,Dramedy
751,Dream
752,Drow
753,Drowning
754,Drug
755,Drugs
756,Druid
757,Druidism
758,Dràmàk
759,Dráma
760,Dual
761,Dub
762,Duhovnost
763,Duke
764,Dungeons
765,Dust
766,Dutch
767,Dwellings
768,Dying
769,Dynasty
770,Dysfunction
771,Dysfunctional
772,Dystopian
773,Détective
774,Early
775,Earth
776,East
777,Eastern
778,Easy
779,Eccentric
780,Ecchi
781,Eclipse
782,Eco
783,Ecology
784,Econ
785,Economic
786,Economics
787,Ecosystems
788,Ecoterrorism
789,Edification
790,Education
791,Educational
792,Eerie
793,Egoism
794,Egypt
795,Egyptian
796,Egyptology
797,Eighteenth
798,Elder
799,Electromagnetic
800,Elemental
801,Elementary
802,Elf
803,Elite
804,Elizabethan
805,Elseworlds
806,Elves
807,Ember
808,Embezzlement
809,Emergent
810,Emigration
811,Emotional
812,Emp
813,Empathy
814,Emperor
815,Empire
816,Empiricism
817,Empowerment
818,Encounters
819,Encryption
820,Encyclopaedia
821,Encyclopedia
822,End
823,Endurance
824,Enduring
825,Enemies
826,Enforcement
827,Engaged
828,Engineering
829,English
830,Enlightenment
831,Entangled
832,Entertainers
833,Entheogens
834,Entrepreneurship
835,Environment
836,Environmental
837,Environmentalist
838,Envy
839,Eon
840,Epic
841,Epicurean
842,Epidemic
843,Epidemiology
844,Epistemology
845,Epistolar
846,Epistolary
847,Epska
848,Equestrian
849,Equine
850,Era
851,Eros
852,Erotic
853,Erotica
854,Erotik
855,Erotismo
856,Eròtic
857,Erótica
858,Escape
859,Escaped
860,Eschatology
861,Esoteric
862,Esoterica
863,Esoterie
864,Esoterik
865,Esoterismo
866,Esp
867,Espionage
868,Espionagem
869,Espionnage
870,Spirituality
871,Essay
872,Essays
873,Ethics
874,Ethnic
875,Ethnography
876,Eugenics
877,Euro
878,European
879,Euthanasia
880,Evacuation
881,Ever
882,Evil
883,Evolution
884,Evolutionary
885,Ex
886,Excellent
887,Exciting
888,Execution
889,Executioner
890,Exile
891,Existence
892,Existencialism
893,Existencialismo
894,Existential
895,Existentialisme
896,Existentialist
897,Exorcism
898,Exorcist
899,Expanded
900,Expanse
901,Expatriate
902,Expats
903,Expedition
904,Experiment
905,Experimental
906,Exploitation
907,Explorers
908,Exploration
909,Explosions
910,Expose
911,Extinct
912,Extortion
913,Extraterrestrial
914,Extreme
915,F
916,Fable
917,Fables
918,Fabulist
919,Fact
920,Factual
921,Fae
922,Faery
923,Faerie
924,Fairy Tales
925,Fairly
926,Faith
927,Fake
928,Fall
929,Fallen
930,Falling
931,Fallout
932,False
933,Fame
934,Family
935,Families
936,Famine
937,Famtasy
938,Fan
939,Fanasty
940,Fanatasy
941,Fanfic
942,Fant
943,Fantacy
944,Fantaisie
945,Fantasy
946,Fante
947,Far
948,Farce
949,Farm
950,Farming
951,Farsi
952,Fashion
953,Fashioncostume
954,Fast
955,Fate
956,Fated
957,Father
958,Fathers
959,Fbi
960,Fear
961,Fearless
962,Feel
963,Fem
964,Female
965,Femdom
966,Feminism
967,Feminisme
968,Feminismo
969,Feminist
970,Feminista
971,Femme
972,Feral
973,Fertility
974,Feudal
975,Fever
976,Fey
977,Ff
978,Fiabe
979,Fic
980,Ficcao
981,Ficcion
982,Ficción
983,Ficition
984,Ficiton
985,Fict
986,Fictie
987,Fictio
988,Fictitious
989,Ficçao
990,Ficção
991,Fighter
992,Fighting
993,Fiksi
994,Fiktio
995,Fiktion
996,Filipiniana
997,Filipino
998,Filosófia
999,Finance
1000,Financial
1001,Fine
1002,Finishing
1003,Finnish
1004,Fire
1005,Firebird
1006,Firefly
1007,Religion
1008,Fireproof
1009,First
1010,Firstborn
1011,Fixi
1012,Flash
1013,Flight
1014,Flintlock
1015,Florida
1016,Fluff
1017,Fluffy
1018,Fluke
1019,Flying
1020,Folk
1021,Folklore
1022,Folktale
1023,Food
1024,Foodie
1025,Foodwriting
1026,Fools
1027,Forbidden
1028,Force
1029,Forced
1030,Foreign
1031,Forensic
1032,Forest
1033,Forever
1034,Forgery
1035,Forgiveness
1036,Formic
1037,Fossils
1038,Foster
1039,Fractured
1040,Frame
1041,Francesa
1042,Franco
1043,Francophilia
1044,Francophone
1045,Franken
1046,Frankenstein
1047,Fraud
1048,Freaks
1049,Free
1050,Freedom
1051,French
1052,Friend
1053,Friends
1054,Friendship
1055,Frog
1056,Frontier
1057,Frontlines
1058,Frost
1059,Fucked
1060,Fugitive
1061,Full
1062,Fumetti
1063,Fumetto
1064,Fun
1065,Fundamentalism
1066,Funeral
1067,Funny
1068,Future
1069,Futuristic
1070,Futurology
1071,G
1072,Galactic
1073,Galapagos
1074,Gallic
1075,Gamblers
1076,Gambling
1077,Game
1078,Gamification
1079,Gang
1080,Gangster
1081,Gargoyles
1082,Gastronomy
1083,Gatekeepers
1084,Gaul
1085,LGBTQ
1086,Gblt
1087,Geek
1088,Geisha
1089,Gender
1090,General
1091,Generation
1092,Generational
1093,Genetic
1094,Genocide
1095,Genre
1096,Gentle
1097,Gentry
1098,Geology
1099,Geopolitics
1100,Georgian
1101,German
1102,Germania
1103,Gestalt
1104,Gettysburg
1105,Ghost
1106,Ghosties
1107,Ghosts
1108,Ghouls
1109,Gialli
1110,Giallo
1111,Giant
1112,Gifted
1113,Gigolo
1114,Gilded
1115,Girl
1116,Girlboss
1117,Girlhood
1118,Girls
1119,Girly
1120,Gizem
1121,Glam
1122,Glbt
1123,Glbtq
1124,Glbtqi
1125,Global
1126,Gnomes
1127,Gnosis
1128,Gnostic
1129,Goblins
1130,God
1131,Goddess
1132,Godly
1133,Gods
1134,Gold
1135,Golden
1136,Golems
1137,Goncourt
1138,Gonzo
1139,Good
1140,Goosebumps
1141,Gore
1142,Gospel
1143,Gossip
1144,Goth
1145,Gothic
1146,Governess
1147,Government
1148,Grail
1149,Graphic Novels
1150,Great
1151,Greco
1152,Greed
1153,Greek
1154,Grey
1155,Grief
1156,Grieving
1157,Grim
1158,Grimdark
1159,Grimoire
1160,Grit
1161,Gritty
1162,Grovel
1163,Groveling
1164,Growth
1165,Gruesome
1166,Guardian
1167,Guards
1168,Guerra
1169,Guerrilla
1170,Guilt
1171,Guilty
1172,Gulag
1173,Gunpowder
1174,Guns
1175,Gunslinger
1176,Gutsy
1177,Gypsy
1178,Hacker
1179,Hacking
1180,Hades
1181,Half
1182,Halloween
1183,Hallucinations
1184,Hallucinogenic
1185,Halo
1186,Handler
1187,Happily
1188,Happy
1189,Harassment
1190,Hard
1191,Hardboiled
1192,Hardcore
1193,Harem
1194,Harlem
1195,Harlequin
1196,Harpy
1197,Hasidism
1198,Hate
1199,Haunted
1200,Havana
1201,Hawaiiana
1202,Hea
1203,Healer
1204,Healing
1205,Health
1206,Heart
1207,Heartbreaking
1208,Heat
1209,Heavy
1210,Hedonism
1211,Heist
1212,Hell
1213,Herbalists
1214,Heresy
1215,Hermaphrodite
1216,Hermeneutics
1217,Heroes
1218,Heroic
1219,Heroin
1220,Hetalia
1221,Hetero
1222,Hibernation
1223,Hidden
1224,Hide
1225,High
1226,Higher
1227,Highland
1228,Highlander
1229,Highschool
1230,Hilarity
1231,Hindu
1232,Hinduism
1233,Hip
1234,Hiroshima
1235,Hispanic
1236,Hispanoamericana
1237,Hist
1238,Histoire
1239,Historical
1240,Història
1241,Històric
1242,Històrica
1243,Hitman
1244,Hive
1245,Hockey
1246,Holiday
1247,Holidays
1248,Hollows
1249,Hollywood
1250,Holmesian
1251,Holmesiana
1252,Holmsian
1253,Holocaust
1254,Holocausto
1255,Holy
1256,Home
1257,Homecoming
1258,Homesteaders
1259,Homicide
1260,Homosexual
1261,Homosexuality
1262,Honeymoon
1263,Honor
1264,Hoot
1265,Hopeless
1266,Horor
1267,Horreur
1268,Horro
1269,Horror
1270,Horse
1271,Horses
1272,Host
1273,Hostage
1274,Hot
1275,Hourglass
1276,Human
1277,Humanism
1278,Humanities
1279,Humor
1280,Humorous
1281,Humour
1282,Hungarian
1283,Hunger
1284,Hunter
1285,Hunting
1286,Hurricane
1287,Hybrids
1288,Hypnosis
1289,Hypnotism
1290,Héroïc
1291,Húmor
1292,Iberia
1293,Icefire
1294,Icelandic
1295,Idealism
1296,Identity
1297,Idioms
1298,Idolatry
1299,Idols
1300,Ilium
1301,Illegal
1302,Illness
1303,Illuminati
1304,Illusions
1305,Illustrated
1306,Imaginaire
1307,Imaginary
1308,Imagination
1309,Imagism
1310,Immigrant
1311,Immortal
1312,Imperial
1313,Imperialism
1314,Impostors
1315,Imposture
1316,Imprisonment
1317,Impulse
1318,In
1319,Inca
1320,Incantations
1321,Incarceration
1322,Incarnations
1323,Incest
1324,Indentured
1325,India
1326,Indian
1327,Indie
1328,Indigenous
1329,Individualism
1330,Indonesian
1331,Industrial
1332,Infamous
1333,Infantil
1334,Infected
1335,Infectious
1336,Inference
1337,Inferno
1338,Infidelity
1339,Information
1340,Informational
1341,Infosec
1342,Inheritance
1343,Injustice
1344,Inmates
1345,Insanity
1346,Insatiable
1347,Insect
1348,Insomnia
1349,Inspector
1350,Inspirational
1351,Insta
1352,Instruction
1353,Instructional
1354,Intellectual
1355,Interactive
1356,Interconnected
1357,Intercourse
1358,Interfaith
1359,International
1360,Internment
1361,Interpersonal
1362,Interplanetary
1363,Interracial
1364,Intersectional
1365,Interstellar
1366,Intertwined
1367,Intriga
1368,Intrigue
1369,Introspective
1370,Intuition
1371,Invasion
1372,Investigator
1373,Investigative
1374,Invisibility
1375,Iranian
1376,Ireland
1377,Irish
1378,Islam
1379,Islamic
1380,Islamophobia
1381,Island
1382,Islandia
1383,Isolation
1384,Israeli
1385,It
1386,Italian
1387,Italiana
1388,J
1389,Jaff
1390,Jail
1391,Japan
1392,Japanese
1393,Jazz
1394,Jealous
1395,Jealousy
1396,Jedi
1397,Jeunesse
1398,Jewish
1399,Jfic
1400,Josei
1401,Journals
1402,Journalism
1403,Journalist
1404,Journey
1405,Jousei
1406,Judaica
1407,Judaism
1408,Judges
1409,Judicial
1410,Jugendbuch
1411,Jungian
1412,Jungle
1413,Junior
1414,Jurisprudence
1415,Jurors
1416,Jury
1417,Justice
1418,Juv
1419,Juvenil
1420,Juvenile
1421,Juvenis
1422,Juvie
1423,Kabbalah
1424,Kafkaesque
1425,Kami
1426,Keepers
1427,Kepler
1428,Kgb
1429,Khmer
1430,Kick
1431,Kickass
1432,Kid
1433,Kiddie
1434,Kidlit
1435,Kidnap
1436,Kidnapping
1437,Kids
1438,Kids-Book
1439,Killer
1440,Kindle
1441,Kingdom
1442,Kink
1443,Kinky
1444,Kisses
1445,Klasik
1446,Klux
1447,Knights
1448,Knit
1449,Known
1450,Komedi
1451,Komiksy
1452,Koran
1453,Korean
1454,Kowloon
1455,Krim
1456,Krimi
1457,Krimier
1458,Kryminały
1459,Ku
1460,Labyrinth
1461,Lad
1462,Lady
1463,Language
1464,Larceny
1465,Late
1466,Latin
1467,Latina
1468,Latinamerican
1469,Latino
1470,Latinoamericana
1471,Latinoamericano
1472,Latinx
1473,Latter
1474,Law
1475,Lawyer
1476,Lawyers
1477,Lds
1478,Leadership
1479,Learning
1480,Lebanese
1481,Legal
1482,Legend
1483,Legion
1484,Leopard
1485,Lesfic
1486,Letter
1487,Letteratura
1488,Letters
1489,Level
1490,Leídos
1491,Lgtb
1492,Liberation
1493,Liberty
1494,Library
1495,Lies
1496,Life
1497,Light
1498,Linguistic
1499,Linguistics
1500,Lit
1501,Literary
1502,Literary Fiction
1503,Litrpg
1504,Litterature
1505,Littérature
1506,Lockdown
1507,Locus
1508,London
1509,Lone
1510,Longevity
1511,Losing
1512,Loss
1513,Lost
1514,Lottery
1515,Low
1516,Lurve
1517,Lusophone
1518,Lux
1519,Lycans
1520,Lycanthropes
1521,Lynchings
1522,M
1523,Macabre
1524,Madness
1525,Mafia
1526,Mafiosi
1527,Mafioso
1528,Mages
1529,Magia
1530,Magik
1531,Magyk
1532,Maids
1533,Mail
1534,Mainly
1535,Mainstream
1536,Makeover
1537,Malay
1538,Malaysian
1539,Male
1540,Man
1541,Management
1542,Manga
1543,Mangas
1544,Manhattan
1545,Manhwa
1546,Manifest
1547,Manners
1548,Manwhore
1549,Maori
1550,Marine
1551,Marital
1552,Maritime
1553,Marked
1554,Marketing
1555,Marriage
1556,Marriages
1557,Married
1558,Mars
1559,Martial
1560,Martyrs
1561,Marx
1562,Marxism
1563,Masada
1564,Masculinity
1565,Mash
1566,Mashup
1567,Mass
1568,Massacres
1569,Matched
1570,Mates
1571,Math
1572,Mathematics
1573,Maths
1574,Mature
1575,May
1576,Mc
1577,Mccarthyism
1578,Mead
1579,Mecha
1580,Mechanics
1581,Media
1582,Mediaeval
1583,Mediator
1584,Medical
1585,Medicine
1586,Medieval
1587,Meditation
1588,Mediterranean
1589,Mediums
1590,Memetics
1591,Memior
1592,Memoir
1593,Memory
1594,Men
1595,Mena
1596,Menage
1597,Mennonite
1598,Mental
1599,Mercenary
1600,Mercy
1601,Merfolk
1602,Mermaid
1603,Mermaids
1604,Merpeople
1605,Mesoamerica
1606,Mesopotamia
1607,Metaethics
1608,Metaphysics
1609,Metaphysical
1610,Meteorites
1611,Meteorology
1612,Metis
1613,Metro
1614,Metropop
1615,Mexican
1616,Mf
1617,Mfm
1618,Mg
1619,Micro
1620,Microbiology
1621,Microeconomics
1622,Middle
1623,Middlegrade
1624,Midwife
1625,Midwives
1626,Migration
1627,Mil
1628,Military
1629,Milkweed
1630,Millionaire
1631,Mind
1632,Mindfuck
1633,Mindfulness
1634,Miracle
1635,Misanthropy
1636,Miscarriage
1637,Miscellaneous
1638,Mischief
1639,Missing
1640,Missiology
1641,Missionary
1642,Missions
1643,Mistaken
1644,Misterio
1645,Mistery
1646,Mistresses
1647,Misunderstanding
1648,Mithermages
1649,Mitologia
1650,Mitteleuropa
1651,Mixed
1652,Mm
1653,Mmf
1654,Mob
1655,Mobster
1656,Moc
1657,Modern
1658,Modernist
1659,Modernlit
1660,Mohini
1661,Mom
1662,Monarchy
1663,Monastery
1664,Monasticism
1665,Mongols
1666,Monks
1667,Monster
1668,Monsters
1669,Moral
1670,Mormon
1671,Mortality
1672,Mossad
1673,Mother
1674,Mothers
1675,Motivational
1676,Motorcycle
1677,Mountain
1678,Mountaineering
1679,Mpd
1680,Mughal
1681,Multi
1682,Multicultural
1683,Multigenerational
1684,Multiple
1685,Multiplicity
1686,Multiverse
1687,Mummy
1688,Murder
1689,Music
1690,Musical
1691,Musicals
1692,Musketeers
1693,Muslim
1694,Mutants
1695,Mutation
1696,Mute
1697,Mutiny
1698,Myst
1699,Mysteries
1700,Mystic
1701,Mythology
1702,Ménage
1703,Na
1704,Nacionais
1705,Nagas
1706,Nai
1707,Nanny
1708,Nanotech
1709,Nanotechnology
1710,Nantucket
1711,Napoleonic
1712,Narcos
1713,Narcotic
1714,Narrativa
1715,Narrative
1716,National
1717,Nationalism
1718,Native
1719,Nativeamerican
1720,Natural
1721,Nature
1722,Naturalist
1723,Naughty
1724,Nautical
1725,Navajo
1726,Naval
1727,Navy
1728,Nazi
1729,Nazism
1730,Near
1731,Nebula
1732,Neglect
1733,Negotiation
1734,Neighbors
1735,Neo
1736,Neopagan
1737,Nephilim
1738,Neuro
1739,Neurobiology
1740,Psychology
1741,Never
1742,Neverland
1743,New
1744,Newbery
1745,Nf
1746,Nigerian
1747,Night
1748,Nightmares
1749,Nightshade
1750,Nightside
1751,Nightwalker
1752,Nightworld
1753,Nihilism
1754,Nihilistic
1755,Nimbus
1756,Nineteenth
1757,Ninja
1758,No
1759,Nocturnal
1760,Noir
1761,Non
1762,Nonduality
1763,Nonfiction
1764,Non-Fict
1765,Nonviolence
1766,Nordic
1767,Norse
1768,North
1769,Northmen
1770,Norwegian
1771,Nouveau
1772,Nouvelles
1773,Novel
1774,Novela
1775,Novella
1776,Novellas
1777,Novels
1778,Ntr
1779,Nuclear
1780,Nuns
1781,Nursery
1782,Nursing
1783,Nusantara
1784,Nypd
1785,Nárnia
1786,Oasis
1787,Obedience
1788,Objectivism
1789,Obsession
1790,Obsessive
1791,Occult
1792,Occupation
1793,Ocean
1794,Oceania
1795,Odd
1796,Odyssey
1797,Office
1798,Old
1799,Older
1800,Olympians
1801,On
1802,One
1803,Oni
1804,Online
1805,Onomatopoeia
1806,Opera
1807,Operative
1808,Opium
1809,Opposites
1810,Oppression
1811,Oral
1812,Orbit
1813,Ordinary
1814,Organized
1815,Orient
1816,Origin
1817,Orphan
1818,Orphanage
1819,Orrore
1820,Orthodoxy
1821,Other
1822,Otherworld
1823,Oulipo
1824,Outdoor
1825,Outdoors
1826,Outer
1827,Outlaws
1828,Overcoming
1829,Overpopulation
1830,Pacific
1831,Pact
1832,Pagan
1833,Paganism
1834,Paleo
1835,Paleontology
1836,Palestinian
1837,Pan
1838,Pandemic
1839,Pantheon
1840,Paparazzi
1841,Para
1842,Parable
1843,Paradise
1844,Parallel
1845,Paranoia
1846,Paranormal
1847,Parasites
1848,Parental
1849,Parenting
1850,Parody
1851,Partisans
1852,Passing
1853,Passion
1854,Past
1855,Pastiche
1856,Pastoral
1857,Pathfinder
1858,Patristics
1859,Pedagogy
1860,Penal
1861,Peninsular
1862,Perception
1863,Performance
1864,Performing
1865,Perfume
1866,Period
1867,Persecution
1868,Perseverance
1869,Persia
1870,Persian
1871,Persiannovel
1872,Personal
1873,Personality
1874,Persuasion
1875,Peruvian
1876,Phantom
1877,Pharaohs
1878,Philippine
1879,Philology
1880,Philosophy
1881,Phobias
1882,Photography
1883,Physical
1884,Physics
1885,Picaresca
1886,Picaresque
1887,Picture
1888,Picturebook
1889,Pilgrimage
1890,Pilgrims
1891,Pinoy
1892,Pioneers
1893,Pirate
1894,Pixies
1895,Plague
1896,Plane
1897,Planetary
1898,Planets
1899,Plantagenet
1900,Plantation
1901,Play
1902,Playboy
1903,Players
1904,Plays
1905,Play-Script
1906,Pleasure
1907,Plot
1908,Pnr
1909,Poc
1910,Poem
1911,Poesia
1912,Poesía
1913,Poetry
1914,Point
1915,Poison
1916,Polar
1917,Poli
1918,Police
1919,Policewomen
1920,Policiaca
1921,Policiais
1922,Policial
1923,Policier
1924,Polish
1925,Polisiye
1926,Politics
1927,Political
1928,Politiste
1929,Pollution
1930,Poly
1931,Polygamy
1932,Política
1933,Pompeii
1934,Pop
1935,Popular
1936,Porn
1937,Pornography
1938,Portuguese
1939,Possesive
1940,Possess
1941,Possessive
1942,Post
1943,Postal
1944,Post-Apocalyptic
1945,Postcolonial
1946,Posthuman
1947,Postmodern
1948,Poststructuralism
1949,Poverty
1950,Powder
1951,Power
1952,Powers
1953,Powiesc
1954,Practical
1955,Prairie
1956,Prayer
1957,Pre
1958,Preacher
1959,Preaching
1960,Prediction
1961,Pregnancy
1962,Pregnant
1963,Prejudice
1964,Premonition
1965,Prep
1966,Preschool
1967,Preservation
1968,Presidential
1969,Preteen
1970,Prey
1971,Pride
1972,Priests
1973,Prince
1974,Princess
1975,Prison
1976,Private
1977,Privateers
1978,Problem
1979,Procedural
1980,Prodigal
1981,Professional
1982,Professions
1983,Profiling
1984,Programming
1985,Progressive
1986,Prohibition
1987,Propaganda
1988,Proper
1989,Prophecy
1990,Prophetic
1991,Prosa
1992,Prose
1993,Prosecutors
1994,Prosperity
1995,Prostitutes
1996,Protection
1997,Protective
1998,Protectors
1999,Providence
2000,Proza
2001,Pseudo
2002,Psichology
2003,Psico
2004,Psicologia
2005,Psicología
2006,Psicom
2007,Psihologija
2008,Psikologi
2009,Psikoloji
2010,Psy
2011,Psych
2012,Psychedelia
2013,Psychedelic
2014,Psychiatric
2015,Psychiatry
2016,Psychic
2017,Psycho
2018,Psychoanalysis
2019,Psychonautics
2020,Psychopath
2021,Psychopathology
2022,Psychopaths
2023,Psychopathy
2024,Psychotherapy
2025,Thriller
2026,Ptsd
2027,Pua
2028,Pulp
2029,Punishment
2030,Punk
2031,Pure
2032,Purge
2033,Puritan
2034,Purity
2035,Pushing
2036,Puzzle
2037,Quantum
2038,Queer
2039,Quest
2040,Quickies
2041,Quirky
2042,Québécois
2043,Racconti
2044,Race
2045,Racial
2046,Racism
2047,Rags
2048,Rainforest
2049,Rake
2050,Rama
2051,Ranger
2052,Rape
2053,Rapture
2054,Rationalism
2055,Re
2056,Real
2057,Realism
2058,Realismo
2059,Realistic
2060,Reality
2061,Realms
2062,Reaper
2063,Rebellion
2064,Reboot
2065,Reborn
2066,Rebus
2067,Recluce
2068,Recluse
2069,Reconstruction
2070,Red
2071,Redemption
2072,Reformation
2073,Reformed
2074,Refugee
2075,Regal
2076,Regency
2077,Regular
2078,Reichs
2079,Reincarnation
2080,Relations
2081,Relationship
2082,Relationships
2083,Relativity
2084,Relatos
2085,Remarried
2086,Renaissance
2087,Repentance
2088,Reportage
2089,Reporter
2090,Repressed
2091,Reputations
2092,Rescue
2093,Resilience
2094,Resistance
2095,Restoration
2096,Resurrection
2097,Retelling
2098,Retold
2099,Rev
2100,Revelation
2101,Revenants
2102,Revenge
2103,Reverse
2104,Revival
2105,Revolution
2106,Revolutionary
2107,Rhetoric
2108,Rhyme
2109,Rich
2110,Ripper
2111,Rites
2112,Rivalry
2113,Ro
2114,Road
2115,Roadtrip
2116,Robberies
2117,Robbers
2118,Robot
2119,Rock
2120,Rocker
2121,Rockets
2122,Rockstar
2123,Rom
2124,Roma
2125,Roman
2126,Romana
2127,Romanesti
2128,Romanian
2129,Romanov
2130,Romantic
2131,Romantica
2132,Romanticism
2133,Romantico
2134,Romantiek
2135,Romantis
2136,Romanzi
2137,Romanzo
2138,Romántica
2139,Roommates
2140,Rot
2141,Rpg
2142,Ruin
2143,Runaway
2144,Runners
2145,Running
2146,Rural
2147,Ruritania
2148,Russi
2149,Russian
2150,Sacred
2151,Sacrifice
2152,Sad
2153,Sadomasochism
2154,Saga
2155,Saggistica
2156,Sailing
2157,Saints
2158,Salem
2159,Salvage
2160,Samurai
2161,Sanguines
2162,Sarcasm
2163,Sastra
2164,Satan
2165,Satellites
2166,Satire
2167,Saucy
2168,Savages
2169,Savant
2170,Saxon
2171,Sc
2172,Scandal
2173,Scandanavian
2174,Scandi
2175,Scandinavian
2176,Scare
2177,Scarecrow
2178,Scarred
2179,Scars
2180,Scary
2181,Scepticism
2182,Scfi
2183,Schizophrenia
2184,School
2185,Schooled
2186,Scotland
2187,Scots
2188,Scottish
2189,Screenplay
2190,Screenwriting
2191,Scripture
2192,Sculptors
2193,Sea
2194,Seafaring
2195,Seaside
2196,Seasons
2197,Second
2198,Secrecy
2199,Secret
2200,Secrets
2201,Secular
2202,Security
2203,Seduction
2204,Seeds
2205,Seerah
2206,Segregation
2207,Seinen
2208,Selection
2209,Self
2210,Self-Help
2211,Sellswords
2212,Semiotics
2213,Sensation
2214,Sense
2215,Sensory
2216,Separation
2217,Sequence
2218,Sequential
2219,Serbian
2220,Serial
2221,Sermons
2222,Servants
2223,Sex
2224,Sexism
2225,Sexology
2226,Sexual
2227,Sexuality
2228,Sexwork
2229,Sexy
2230,Sexytime
2231,Sf
2232,Sff
2233,Sfff
2234,Sfr
2235,Shadowhunter
2236,Shadowlands
2237,Shaman
2238,Shambhala
2239,Shangri
2240,Shape
2241,Shapeshifter
2242,Shapeshifters
2243,Shapshifters
2244,Shared
2245,Sharkman
2246,Sharks
2247,Sheriff
2248,Sherlockian
2249,Shetland
2250,Shifter
2251,Shifters
2252,Shinigami
2253,Shipwreck
2254,Shiver
2255,Shoah
2256,Shock
2257,Shocking
2258,Shojo
2259,Shonen
2260,Shootings
2261,Shopaholic
2262,Shoplifting
2263,Short Stories
2264,Shoujo
2265,Shounen
2266,Showdown
2267,Shtf
2268,Shy
2269,Shôjo
2270,Shōnen
2271,Si
2272,Siberia
2273,Sibling
2274,Siblings
2275,Sidhe
2276,Siege
2277,Sience
2278,Sifi
2279,Silence
2280,Silk
2281,Silly
2282,Sin
2283,Single
2284,Singularity
2285,Sinners
2286,Sioux
2287,Sirens
2288,Sisterhood
2289,Sith
2290,Situationist
2291,Skepticism
2292,Skinjacker
2293,Skinwalker
2294,Skulduggery
2295,Skullduggery
2296,Slash
2297,Slaughter
2298,Slave
2299,Slavery
2300,Sleepwalking
2301,Sleuths
2302,Slice
2303,Slipstream
2304,Slow
2305,Slowburn
2306,Small
2307,Smexy
2308,Smoking
2309,Smugglers
2310,Smuggling
2311,Smut
2312,Smutt
2313,Smutty
2314,Sniper
2315,Snuff
2316,Social
2317,Socialism
2318,Socialissues
2319,Society
2320,Socio
2321,Sociobiology
2322,Sociology
2323,Sociopath
2324,Sociopathy
2325,Soft
2326,Soldier
2327,Solitude
2328,Sonnets
2329,Sorcery
2330,Sota
2331,Soul
2332,Soulmate
2333,Souls
2334,South
2335,Southern
2336,Soviet
2337,Space
2338,Spaceflight
2339,Spaceships
2340,Spanish
2341,Spanning
2342,Sparta
2343,Speak
2344,Spec
2345,Special
2346,Species
2347,Specimens
2348,Speculative
2349,Spy
2350,Spies
2351,Spinster
2352,Spionage
2353,Spionaggio
2354,Splatterpunk
2355,Spooks
2356,Spooky
2357,Sport
2358,Sports
2359,Sprawl
2360,Sprawling
2361,Spycraft
2362,Spórt
2363,Stage
2364,Stained
2365,Stalingrad
2366,Stalinism
2367,Stalker
2368,Stalking
2369,Standalones
2370,Star
2371,Starbound
2372,Starcrossed
2373,Stealing
2374,Steam
2375,Steampunk
2376,Steamy
2377,Steel
2378,Stem
2379,Step
2380,Stepbrother
2381,Stmívání
2382,Stockholm
2383,Stoicism
2384,Stolen
2385,Stone
2386,Storia
2387,Storici
2388,Storico
2389,Storms
2390,Storybooks
2391,Storytelling
2392,Str8
2393,Stranded
2394,Strangers
2395,Strategic
2396,Strategy
2397,Stream
2398,Street
2399,String
2400,Strippers
2401,Stripping
2402,Stripteasers
2403,Strong
2404,Structuralism
2405,Student
2406,Sturgeon
2407,Subculture
2408,Subliminal
2409,Submarine
2410,Submission
2411,Substance
2412,Subterranean
2413,Urban Fiction
2414,Suburbia
2415,Succession
2416,Succubi
2417,Succubus
2418,Sudanese
2419,Suffering
2420,Suffrage
2421,Sufi
2422,Sufism
2423,Suicide
2424,Sumerian
2425,Summer
2426,Supence
2427,Super
2428,Superhero
2429,Superheroes
2430,Supernatural
2431,Supernova
2432,Superpowers
2433,Superstring
2434,Supervillains
2435,Supremacy
2436,Surreal
2437,Surrealist
2438,Surrogacy
2439,Surveillance
2440,Survival
2441,Survivalist
2442,Survivors
2443,Susp
2444,Suspence
2445,Swashbuckler
2446,Swedish
2447,Sweet
2448,Swindle
2449,Swindlers
2450,Swiss
2451,Witches
2452,Swoon
2453,Sword
2454,Swords
2455,Syfy
2456,Symbolism
2457,Syndrome
2458,Synesthesia
2459,System
2460,Systematic
2461,Taboo
2462,Tactical
2463,Tales
2464,Talismans
2465,Talk
2466,Talking
2467,Tall
2468,Talon
2469,Tamuli
2470,Tao
2471,Taoism
2472,Tarot
2473,Tartan
2474,Tarzan
2475,Tasawwuf
2476,Tattooed
2477,Teacher
2478,Teachers
2479,Teaching
2480,Tear
2481,Tearjerker
2482,Teasing
2483,Tech
2484,Technical
2485,Techno
2486,Technology
2487,Tedesca
2488,Teen
2489,Teenage
2490,Teenlit
2491,Telepathy
2492,Teleportation
2493,Temperance
2494,Templar
2495,Tengu
2496,Terminal
2497,Terraforming
2498,Terror
2499,Terrorism
2500,Terrorist
2501,Testimony
2502,Texana
2503,Textual
2504,Tf
2505,Thanatology
2506,Theater
2507,Theatre
2508,Theatrical
2509,Theft
2510,Theology
2511,Theological
2512,Theoretical
2513,Theory
2514,Theosophy
2515,Theravada
2516,Thermopylae
2517,Thief
2518,Thieves
2519,Thiller
2520,Third
2521,Thirst
2522,Thoughtless
2523,Threat
2524,Threesome
2525,Théâtre
2526,Tibetan
2527,Time
2528,Travel
2529,Toltec
2530,Torture
2531,Tortured
2532,Totalitarianism
2533,Tournament
2534,Toxicology
2535,Tr
2536,Traded
2537,Trades
2538,Traditions
2539,Traditional
2540,Trafficking
2541,Tragedy
2542,Tragic
2543,Training
2544,Traitor
2545,Traitors
2546,Trans
2547,Transcendent
2548,Transcendentalism
2549,Transfiguration
2550,Transgender
2551,Transgressive
2552,Transhuman
2553,Transitional
2554,Translated
2555,Transpersonal
2556,Transylvania
2557,Trashy
2558,Trauma
2559,Treachery
2560,Treasure
2561,Trees
2562,Trial
2563,Triangle
2564,Tribal
2565,Tribes
2566,Tribulation
2567,Trolls
2568,Troops
2569,Tropical
2570,True
2571,Truth
2572,Tsa
2573,Tsunami
2574,Tudor
2575,Tunnels
2576,Turkish
2577,Tutsi
2578,Tween
2579,Twist
2580,Twisty
2581,Uf
2582,Ugly
2583,Uk
2584,Ukrainian
2585,Uncertainty
2586,Undead
2587,Under
2588,Undercover
2589,Underground
2590,Underwater
2591,Underworld
2592,Unearthly
2593,Unenchanted
2594,Unicorn
2595,United
2596,Universal
2597,Universe
2598,Unplanned
2599,Unpredictability
2600,Unreliable
2601,Unrequited
2602,Unstable
2603,Unwed
2604,Upanishads
2605,Uplift
2606,Urania
2607,Us
2608,Utilitarianism
2609,Utopia
2610,Utopian
2611,Utopía
2612,Vaginal
2613,Valkyrie
2614,Vampires
2615,Variant
2616,Vatican
2617,Vedanta
2618,Vegan
2619,Verse
2620,Vertigo
2621,Veterinarians
2622,Veterinary
2623,Victims
2624,Victorian
2625,Victoriana
2626,Video
2627,Videogame
2628,Vietnam
2629,Vigilantes
2630,Vignettes
2631,Viking
2632,Villains
2633,Vinge
2634,Vintage
2635,Violence
2636,Violent
2637,Virago
2638,Virgin
2639,Virtual
2640,Virtue
2641,Virus
2642,Viruses
2643,Vision
2644,Void
2645,Voodoo
2646,Wallflower
2647,Weapons
2648,Web
2649,Webcomic
2650,Wedding
2651,Weird
2652,Well
2653,Welsh
2654,Were
2655,Werecats
2656,Weres
2657,Werewolf
2658,Werewolves
2659,Werwolves
2660,Western
2661,Whaling
2662,Whimsical
2663,White
2664,Who
2665,Whodunit
2666,Whodunnit
2667,Wicca
2668,Wiccan
2669,Wicked
2670,Widow
2671,Wiedzmin
2672,Wiedźmin
2673,Wild
2674,Wilderness
2675,Wildlife
2676,Wildstorm
2677,Winter
2678,Wired
2679,Wit
2680,Witness
2681,Witty
2682,Wives
2683,Wizard
2684,Wizards
2685,Wlw
2686,Woc
2687,Wolf
2688,Wolves
2689,Woman
2690,Womanhood
2691,Womans
2692,Women
2693,Womens
2694,Wonder
2695,Wonderland
2696,Wondrous
2697,Wordplay
2698,Work
2699,Workplace
2700,World
2701,Wormholes
2702,Worms
2703,Worship
2704,Wow
2705,Writing
2706,Ww
2707,Ww1
2708,Ww2
2709,Wwi
2710,Wwii
2711,Wyzyrd
2712,Xanth
2713,Y
2714,Yellow
2715,Young
2716,Younger
2717,Youth
2718,Zaklinac
2719,Zamonia
2720,Zebra
2721,Zen
2722,Zodiac
2723,Zombies
2724,Zoology
