tag_id,count,tag_name
945,3858010,Fantasy
52,3720673,Fiction
467,2187946,Classics
2715,1860300,Young
526,1633882,Science Fiction
1239,1402015,Historical
267,1203719,Young Adult
441,1136345,Children
689,1072195,Mystery
1761,860800,Non
544,594745,Contemporary
1846,569775,Paranormal
50,537685,Adult
772,533979,Dystopian
1149,518359,Graphic Novels
2025,517518,Thriller
2614,444549,Vampires
1269,420476,Horror
1773,390562,Novel
2413,382511,Urban Fiction
1764,371049,Non-Fict
214,311563,Biography
53,296976,Adventure
1592,277249,Memoir
1279,276507,Humor
437,272724,Chick Lit
598,270696,Crime
1502,252098,Literary Fiction
507,251453,Comic
1437,182499,Kids
2488,173606,Teen
1542,169587,Manga
2430,165415,Supernatural
1887,157652,Picture
1880,148712,Philosophy
2263,142440,Short Stories
2059,137855,Realistic
1743,135947,New
1913,129105,Poetry
1501,126087,Literary
1225,123396,High
1904,121429,Plays
449,121107,Christian
749,118536,Drama
14,117798,Abandoned
1622,109973,Middle
1740,101165,Psychology
353,100225,Romance
41,97551,Action
924,94941,Fairy Tales
1007,89066,Religion
840,86610,Epic
1701,85487,Mythology
366,82341,Business
96,79380,American
2209,78989,Self
1067,76909,Funny
1085,76244,LGBTQ
223,75819,War
2231,71237,Sf
934,64036,Family
1926,63924,Politics
1281,61937,Humour
512,58993,Coming
112,57177,Angel
505,56534,Comedy
870,56065,Spirituality
853,55865,Erotica
1942,54426,Post
510,52922,Comics
2528,51568,Travel
1657,49965,Modern
2658,49329,Werewolves
87,49274,Alpha
121,48091,Anime
648,46968,Dark
1419,45406,Juvenil
2375,44614,Steampunk
2527,43036,Time
2723,41663,Zombies
1054,39847,Friendship
2451,39483,Witches
746,39068,Dragon
350,38059,British
1023,37675,Food
2149,37350,Russian
2692,37015,Women
171,36852,Art
8,36189,19Th
1908,35668,Pnr
2348,34615,Speculative
966,34590,Feminism
669,34466,Demon
1051,34372,French
1145,33212,Gothic
1105,30991,Ghost
2250,30754,Shifter
2337,30263,Space
1688,30182,Murder
871,29375,Essay
1628,29040,Military
2097,28701,Retelling
479,28198,Clàssics
2357,27777,Sport
2700,27690,World
2717,27505,Youth
549,26602,Cookbook
1598,26130,Mental
921,25886,Fae
2241,25343,Shapeshifter
2710,24822,Wwii
2370,24678,Star
1420,24220,Juvenile
2349,23942,Spy
786,23463,Economics
2440,21914,Survival
81,21817,Alien
2335,21599,Southern
922,21160,Faery
58,20705,African Literature
1392,20678,Japanese
1775,20486,Novella
1350,20276,Inspirational
1872,20182,Personal
658,19610,Death
1744,18893,Newbery
227,18692,Bad
25,18084,Abuse
2570,17714,True
1101,17600,German
1069,17482,Futuristic
2166,16753,Satire
829,16691,English
852,16164,Erotic
1253,16145,Holocaust
2316,16008,Social
2624,16006,Victorian
2081,15993,Relationship
1153,15472,Greek
626,15078,Culture
434,14949,Chic
139,14624,Apocalyptic
867,14590,Espionage
2705,14442,Writing
2322,14309,Sociology
245,14175,Bdsm
424,14088,Chapter
2,14059,1800S
2507,13990,Theatre
2510,13839,Theology
2232,13805,Sff
2076,13695,Regency
1481,13472,Legal
452,13351,Christmas
1586,13196,Medieval
2038,12971,Queer
233,12775,Banned
2376,12550,Steamy
554,12236,Cooks
1466,12152,Latin
2660,11800,Western
926,11726,Faith
10,11650,21St
179,11606,Asian
2428,11599,Superhero
1432,11554,Kid
790,11474,Education
636,11171,Cyberpunk
2707,11127,Ww1
90,10913,Alternate
585,10839,Cozy
110,9809,Ancient
999,9649,Finance
1584,9617,Medical
2044,9580,Race
2130,9519,Romantic
1430,8919,Kick
969,8818,Feminist
2657,8740,Werewolf
1053,8546,Friends
349,8508,Brit
1377,8495,Irish
1721,8432,Nature
1884,8424,Physics
277,8418,Biker
115,8350,Angels
1068,8339,Future
137,8290,Apocalypse
1122,8183,Glbt
126,7809,Anthology
1935,7676,Popular
462,7561,Civil
1227,7512,Highland
2683,7504,Wizard
1927,7491,Political
2581,7297,Uf
117,7144,Angst
1585,7127,Medicine
2175,7118,Scandinavian
182,7061,Assassin
2340,7008,Spanish
1918,7008,Police
1760,6942,Noir
1555,6816,Marriage
2119,6729,Rock
2425,6664,Summer
2506,6619,Theater
494,6543,College
2453,6529,Sword
801,6362,Elementary
285,6344,Bio
321,6076,Boarding
2480,6050,Tear
722,6044,Distopian
2574,6029,Tudor
246,5942,Beach
1539,5892,Male
725,5794,Diverse
119,5605,Animal
1888,5561,Picturebook
721,5542,Distopia
172,5536,Arthurian
1130,5454,God
1522,5434,M
2638,5350,Virgin
513,5281,Comix
1398,5223,Jewish
2311,5204,Smut
2693,5154,Womens
2486,5100,Technology
1016,5052,Fluff
2125,5034,Roman
1718,5001,Native
1474,4894,Law
1401,4863,Journals
1682,4800,Multicultural
378,4769,Canadian
1095,4676,Genre
2197,4637,Second
457,4629,Ciencia
361,4602,Bully
929,4469,Fallen
1027,4418,Forbidden
1089,4369,Gender
2220,4368,Serial
129,4358,Anthropology
2541,4333,Tragedy
894,4262,Existential
835,4227,Environment
2011,4213,Psych
596,4200,Creepy
1155,4199,Grief
2122,4141,Rockstar
825,4132,Enemies
760,4094,Dual
283,4094,Billionaire
1966,4057,Preschool
834,3949,Entrepreneurship
2240,3945,Shape
846,3942,Epistolary
1961,3901,Pregnancy
2620,3815,Vertigo
883,3784,Evolution
118,3734,Angsty
2423,3723,Suicide
1031,3721,Forensic
2578,3697,Tween
1190,3647,Hard
2218,3640,Sequential
2498,3629,Terror
2180,3627,Scary
3,3623,18Th
97,3609,Americana
470,3604,Cliffhanger
1246,3594,Holiday
358,3579,Buddhism
2299,3531,Slavery
1310,3505,Immigrant
991,3454,Fighter
754,3411,Drug
2374,3355,Steam
1525,3319,Mafia
1326,3309,Indian
976,3290,Fey
709,3247,Disability
212,3222,Auto
964,3179,Female
145,3171,Arab
1714,3130,Narrativa
1311,3121,Immortal
2046,3055,Racism
1763,3035,Nonfiction
1910,3020,Poem
2612,3013,Vaginal
2145,2995,Running
1378,2984,Islam
1947,2977,Postmodern
1271,2940,Horses
2229,2936,Sexy
1435,2930,Kidnap
1766,2873,Nordic
1699,2828,Mysteries
1893,2797,Pirate
319,2773,Board
148,2759,Arabic
1909,2749,Poc
2607,2739,Us
699,2680,Diary
794,2678,Egypt
774,2647,Early
2688,2638,Wolves
30,2620,Academic
1974,2620,Princess
2369,2618,Standalones
857,2591,Erótica
1572,2569,Mathematics
2264,2569,Shoujo
516,2548,Commune
2226,2543,Sexual
445,2527,Chinese
1456,2507,Krimi
2319,2506,Society
878,2470,European
1981,2454,Professional
988,2425,Fictitious
1202,2401,Hea
1237,2400,Hist
1602,2396,Mermaid
1386,2393,Italian
1090,2385,General
305,2370,Black
1021,2337,Folklore
548,2312,Cook
2114,2309,Road
2483,2307,Tech
140,2304,Apologetics
2120,2291,Rocker
44,2280,Addicts
2709,2229,Wwi
2656,2180,Weres
1330,2109,Indonesian
190,2106,Astronomy
1934,2075,Pop
2086,2033,Renaissance
1774,1997,Novela
1675,1986,Motivational
541,1971,Conspiracy
724,1956,Disturbing
1817,1924,Orphan
1388,1902,J
1431,1890,Kickass
1618,1876,Mg
2531,1848,Tortured
2479,1822,Teaching
2188,1820,Scottish
1652,1798,Mm
1949,1796,Poverty
2396,1771,Strategy
2223,1769,Sex
606,1764,Criticism
2619,1762,Verse
1115,1754,Girl
694,1717,Devotion
2052,1705,Rape
1676,1685,Motorcycle
2427,1676,Super
92,1664,Alternative
2306,1654,Small
836,1645,Environmental
428,1631,Cheating
329,1624,Bones
280,1619,Bildungsroman
806,1610,Elves
85,1597,Allegory
1164,1557,Growth
873,1547,Ethics
2258,1542,Shojo
822,1533,End
1123,1531,Glbtq
1645,1522,Mistery
627,1514,Cultural
1475,1508,Lawyer
771,1507,Dysfunctional
316,1505,Bloodline
2010,1496,Psy
48,1495,Adoption
916,1484,Fable
497,1477,Colonial
2356,1459,Spooky
1791,1451,Occult
381,1443,Canlit
2677,1440,Winter
2436,1422,Surreal
1922,1418,Policial
2477,1415,Teacher
1413,1410,Junior
1633,1391,Mindfulness
1407,1385,Judaism
480,1355,Clásicos
226,1354,Baby
1497,1347,Light
1140,1342,Goosebumps
1984,1334,Programming
1182,1321,Halloween
1479,1317,Learning
1667,1306,Monster
2265,1281,Shounen
158,1280,Architecture
778,1274,Easy
777,1273,Eastern
133,1272,Antiquity
2403,1250,Strong
1185,1244,Halo
2102,1239,Revenge
1731,1238,Nebula
1351,1228,Insta
2551,1223,Transgressive
1992,1222,Prose
555,1210,Cooking
1797,1207,Office
1720,1201,Natural
2525,1198,Théâtre
2463,1194,Tales
1158,1190,Grimdark
269,1185,Bible
2576,1181,Turkish
2118,1179,Robot
1596,1161,Menage
250,1158,Beat
393,1148,Carpathian
257,1145,Behavioral
2539,1143,Traditional
459,1136,Circus
975,1133,Fever
335,1132,Bounty
2199,1125,Secret
1498,1120,Linguistic
1777,1117,Novels
1724,1116,Nautical
1587,1102,Meditation
2154,1092,Saga
1616,1085,Mf
708,1078,Dirty
1372,1072,Investigator
101,1067,Amnesia
565,1064,Cosmology
1302,1063,Illness
712,1059,Disaster
377,1057,Can
379,1051,Canadiana
2259,1046,Shonen
1133,1044,Gods
491,1037,Cold
2712,1036,Xanth
2706,1024,Ww
77,1017,Alcoholics
623,1010,Culinary
391,997,Caribbean
2301,986,Sleuths
1569,975,Matched
2518,966,Thieves
408,960,Catholic
2432,960,Superpowers
1147,955,Government
270,950,Biblical
1975,948,Prison
1608,941,Metaphysics
88,935,Alt
706,929,Dinosaur
907,928,Explorers
579,927,Courtroom
1477,916,Lds
2651,915,Weird
100,907,Amish
1368,896,Intrigue
1062,894,Fumetti
2405,888,Student
2274,884,Siblings
357,884,Brothers
553,883,Cookery
2016,882,Psychic
1576,880,Mc
2079,876,Reincarnation
2600,874,Unreliable
74,873,Alaska
131,873,Anti
2461,872,Taboo
624,871,Cult
1469,865,Latino
2609,863,Utopia
1077,859,Game
2466,845,Talking
1245,840,Hockey
1308,838,Imagination
1218,833,Heroic
1093,821,Genetic
557,816,Cop
672,807,Demonica
2123,803,Rom
1150,802,Great
751,800,Dream
2028,786,Pulp
783,783,Ecology
568,782,Counseling
1911,779,Poesia
1342,778,Inheritance
1558,777,Mars
63,777,Afterlife
1979,772,Procedural
609,767,Crossfire
9,761,20Th
1518,760,Lux
1307,759,Imaginary
527,754,Computer
952,753,Fashion
2628,751,Vietnam
1482,742,Legend
1821,739,Other
1670,731,Mormon
2193,729,Sea
228,726,Badass
154,725,Archaeology
490,717,Cognitive
508,715,Comicbook
431,714,Cherub
764,710,Dungeons
2631,709,Viking
2184,706,School
2304,706,Slow
1291,704,Húmor
2108,691,Rhyme
1513,689,Lost
2106,688,Revolutionary
142,683,Appalachia
15,682,Abduction
1737,679,Nephilim
1229,677,Highschool
175,675,Artificial
299,675,Bit
1976,674,Private
64,671,Age
795,670,Egyptian
468,669,Clean
1009,659,First
1806,658,Opera
583,654,Cowboy
1248,649,Hollows
327,648,Bond
2078,645,Reichs
581,640,Covenant
1109,639,Gialli
47,639,Adolescent
2210,634,Self-Help
256,633,Beginning
209,624,Australian
634,621,Cyber
1426,620,Keepers
130,607,Anthropomorphic
993,607,Fiksi
29,606,Academia
1434,602,Kidlit
905,602,Experimental
1674,600,Mothers
1850,597,Parody
1951,591,Power
2043,586,Racconti
2334,586,South
1571,586,Math
1340,585,Informational
756,583,Druid
2481,579,Tearjerker
2291,579,Skepticism
2613,577,Valkyrie
1841,567,Para
2635,564,Violence
1594,564,Men
2269,561,Shôjo
167,561,Arranged
430,561,Chemistry
1593,559,Memory
389,552,Captive
403,546,Castle
915,542,F
51,542,Adultery
220,539,Aviation
2490,539,Teenlit
1822,537,Otherworld
1118,537,Girls
1728,535,Nazi
2694,533,Wonder
729,533,Divorce
1945,532,Postcolonial
1094,529,Genocide
2444,527,Suspence
482,527,Coaching
322,523,Bodice
639,521,Czech
1228,519,Highlander
1924,517,Polish
2358,515,Sports
2674,515,Wilderness
1161,504,Gritty
2261,502,Shopaholic
592,499,Creative
1022,495,Folktale
1138,495,Gonzo
1654,492,Mob
1711,492,Napoleonic
2062,488,Reaper
2344,488,Spec
1443,486,Kinky
1678,485,Mountaineering
1559,483,Martial
1204,480,Healing
2666,479,Whodunnit
1323,475,Incest
1274,471,Hot
1447,466,Knights
1767,464,Norse
2582,464,Ugly
715,462,Disease
388,460,Capitalism
2208,459,Selection
2665,458,Whodunit
2567,454,Trolls
2132,452,Romanticism
1809,450,Opposites
1715,447,Narrative
1487,447,Letteratura
2592,441,Unearthly
1455,441,Krim
605,439,Critical
1658,437,Modernist
2685,434,Wlw
1296,432,Identity
156,431,Archer
1899,431,Plantagenet
294,429,Bios
1211,427,Heist
1038,424,Foster
489,422,Cognition
103,420,Amulet
2024,420,Psychotherapy
1938,415,Portuguese
413,412,Celtic
2105,410,Revolution
1020,409,Folk
1157,408,Grim
1079,407,Gang
1453,406,Korean
1747,404,Night
1642,402,Missions
191,400,Astrophysics
2283,398,Single
2397,398,Stream
1832,393,Pagan
427,392,Cheater
2297,391,Slaughter
1788,390,Objectivism
2484,390,Technical
1191,389,Hardboiled
668,388,Demigod
409,386,Catholicism
2446,385,Swedish
1749,385,Nightshade
1139,382,Good
173,381,Arthuriana
776,378,East
1912,376,Poesía
740,375,Domestic
471,374,Climate
33,370,Acceptance
1276,369,Human
1894,366,Pixies
1776,365,Novellas
2302,365,Slice
1393,365,Jazz
1327,363,Indie
2625,362,Victoriana
536,355,Congo
551,353,Cookbooks
959,353,Fbi
1726,352,Naval
1573,352,Maths
22,352,Absurd
1958,350,Preacher
968,348,Feminismo
42,348,Activism
221,345,Avventura
1702,345,Ménage
2667,344,Wicca
979,343,Fic
1730,343,Near
252,342,Beautiful
1058,342,Frost
1631,340,Mind
116,340,Anglo
828,340,Engineering
1639,338,Missing
2538,338,Traditions
1552,336,Maritime
1931,330,Polygamy
1916,330,Polar
2417,328,Succubus
1892,328,Pioneers
1515,327,Low
2018,325,Psychoanalysis
2098,325,Retold
800,324,Elemental
644,323,Dance
1507,322,Locus
125,320,Antarctica
216,318,Avalon
355,317,Brotherhood
1418,317,Juv
2074,315,Refugee
884,313,Evolutionary
2594,311,Unicorn
599,309,Criminal
900,306,Expanse
1039,306,Fractured
622,306,Cuento
454,306,Church
661,305,Deckare
1669,301,Moral
2196,301,Seasons
1562,299,Marxism
2646,297,Wallflower
618,297,Cryptography
1710,296,Nantucket
1895,296,Plague
962,294,Feel
2156,294,Sailing
2639,291,Virtual
830,290,Enlightenment
1280,288,Humorous
1206,286,Heart
54,284,Advertising
2332,281,Soulmate
950,281,Farming
1359,279,International
1329,275,Individualism
563,275,Corrupt
1199,275,Haunted
2586,275,Undead
1035,273,Forgiveness
1673,272,Mother
1870,272,Persian
1232,271,Hinduism
2057,269,Realism
1417,269,Justice
309,268,Blind
2382,268,Stockholm
324,267,Body
76,267,Alchemy
2037,265,Quantum
106,264,Anarchism
1962,261,Pregnant
1014,261,Flintlock
1098,260,Geology
1970,259,Prey
2015,259,Psychiatry
698,258,Dharma
1614,258,Metropop
2521,257,Thirst
287,256,Bioethics
882,255,Evil
1770,255,Norwegian
234,253,Banshee
2650,252,Wedding
1632,250,Mindfuck
1898,248,Planets
208,246,Austenesque
2270,245,Shōnen
1195,245,Harlequin
1995,244,Prostitutes
218,243,Avatar
1940,240,Possess
2669,240,Wicked
620,240,Cthulhu
456,240,Cia
1328,239,Indigenous
844,239,Epistemology
2191,239,Scripture
2298,238,Slave
1700,237,Mystic
1641,237,Missionary
2136,236,Romanzi
1142,235,Gospel
1284,234,Hunter
1874,234,Persuasion
1178,232,Hacker
1135,232,Golden
2207,230,Seinen
2679,229,Wit
278,227,Bikers
1397,226,Jeunesse
1071,225,G
2317,224,Socialism
415,223,Censorship
2206,223,Segregation
782,223,Eco
589,223,Crank
1088,222,Geisha
2202,222,Security
1734,221,Neighbors
653,220,Dating
230,219,Ballet
195,217,Atheist
438,217,Chiclit
1151,216,Greco
1957,215,Pre
1470,212,Latinoamericana
2061,211,Realms
1746,211,Nigerian
1387,211,Italiana
1779,210,Nuclear
1049,210,Free
397,210,Cartoon
1198,208,Hate
2597,207,Universe
255,207,Bedtime
2237,207,Shaman
1793,204,Ocean
288,203,Biografia
2378,203,Stem
1583,203,Mediator
1205,201,Health
2045,200,Racial
571,200,Counterculture
2546,200,Trans
1347,199,Insect
476,197,Clones
2522,196,Thoughtless
1733,196,Negotiation
2004,195,Psicologia
2670,194,Widow
2391,194,Storytelling
2687,194,Wolf
2654,193,Were
1644,193,Misterio
529,193,Computing
1235,192,Hispanic
2115,192,Roadtrip
2550,192,Transgender
1338,189,Infidelity
2562,189,Trial
2623,189,Victims
2033,189,Puritan
1690,188,Musical
2155,188,Saggistica
1799,186,Older
475,186,Clique
2517,184,Thief
334,182,Botany
2189,180,Screenplay
206,180,Auschwitz
1689,180,Music
1543,178,Mangas
2101,178,Revenants
927,178,Fake
359,178,Buddhist
2026,178,Ptsd
861,176,Esoteric
1406,176,Judaica
1313,175,Imperialism
1270,175,Horse
2288,175,Sisterhood
2030,175,Punk
1404,174,Journey
1463,173,Language
2137,172,Romanzo
842,171,Epidemic
135,171,Apartheid
2326,171,Soldier
734,171,Dnd
2579,170,Twist
2163,170,Sastra
160,169,Arctic
2445,169,Swashbuckler
2471,167,Taoism
143,166,Appalachian
1735,166,Neo
2695,166,Wonderland
1600,166,Mercy
1125,165,Global
69,165,Aids
2080,164,Relations
885,164,Ex
2601,164,Unrequited
1261,163,Homosexuality
540,162,Conservation
262,162,Belletristik
2103,162,Reverse
943,159,Fantacy
2372,159,Starcrossed
542,157,Consumerism
765,157,Dust
1403,156,Journalist
956,156,Fated
1815,155,Orient
2383,154,Stoicism
804,154,Elizabethan
2160,153,Samurai
920,153,Factual
986,152,Fictie
768,152,Dying
633,151,Cutting
1265,151,Hopeless
1097,151,Gentry
1500,151,Lit
258,150,Behavioural
990,150,Ficção
1175,149,Gunslinger
566,149,Cosmos
576,149,Court
2336,149,Soviet
1442,149,Kink
766,148,Dutch
2282,148,Sin
1727,148,Navy
678,146,Depression
1081,146,Gargoyles
2254,145,Shiver
68,145,Ai
982,144,Ficción
992,143,Fighting
2039,143,Quest
2610,142,Utopian
2054,141,Rationalism
1968,141,Presidential
1794,140,Oceania
1471,140,Latinoamericano
1029,140,Forced
99,140,Americans
1512,139,Loss
640,139,Cómics
2379,138,Step
601,138,Criminology
2284,138,Singularity
345,138,Breathless
2331,137,Soul
1944,136,Post-Apocalyptic
2036,135,Puzzle
2194,135,Seafaring
2174,133,Scandi
2055,133,Re
2035,133,Pushing
957,133,Father
1745,132,Nf
26,132,Abused
1989,130,Prophecy
392,130,Carnival
1677,130,Mountain
2345,129,Special
1177,129,Gypsy
2252,129,Shinigami
251,128,Beatnik
1703,128,Na
2143,127,Runaway
891,127,Existence
588,126,Crafts
186,126,Assisted
2649,125,Webcomic
2128,125,Romanian
1379,124,Islamic
2686,123,Woc
346,123,Breed
1750,121,Nightside
253,121,Beauty
2552,121,Transhuman
342,121,Brazen
2493,121,Temperance
1532,121,Maids
1277,120,Humanism
1798,120,Old
189,119,Astronaut
1694,119,Mutants
2253,119,Shipwreck
293,118,Biopunk
423,117,Chaos
463,117,Civilization
1886,117,Picaresque
839,116,Eon
2470,116,Tao
843,116,Epidemiology
1625,116,Midwives
674,116,Demons
2452,116,Swoon
1099,115,Geopolitics
2553,115,Transitional
2323,112,Sociopath
963,112,Fem
1000,112,Financial
1046,110,Frankenstein
464,110,Ciència
1531,110,Magyk
1160,110,Grit
1352,110,Instruction
166,110,Army
2020,109,Psychopath
1524,108,Madness
1472,108,Latinx
1087,108,Geek
1757,107,Ninja
1258,106,Homesteaders
737,105,Dog
2455,105,Syfy
2641,105,Virus
2141,104,Rpg
2465,103,Talk
2294,103,Skulduggery
2458,102,Synesthesia
1400,102,Josei
1333,102,Infantil
1954,102,Practical
2131,102,Romantica
2183,102,Schizophrenia
1493,102,Liberty
1828,102,Overcoming
1082,102,Gastronomy
1681,101,Multi
1217,101,Heroes
1547,101,Manners
2248,101,Sherlockian
960,100,Fear
2571,100,Truth
651,100,Data
1399,100,Jfic
570,100,Counter
198,100,Atomic
1814,99,Organized
2560,99,Treasure
1267,99,Horreur
2377,98,Steel
2589,97,Underground
1709,97,Nanotechnology
1439,97,Killer
714,97,Discrimination
1723,96,Naughty
231,96,Banda
2050,96,Rama
1781,96,Nursery
271,96,Bibliophilia
747,95,Dragon-Rider
2367,95,Stalker
2460,95,Systematic
1381,95,Island
2653,95,Welsh
1550,94,Marine
1907,94,Plot
1240,94,Història
693,94,Devil
1354,94,Intellectual
20,93,Abolitionist
860,93,Eschatology
2380,93,Stepbrother
2626,93,Video
1824,93,Outdoor
1112,93,Gifted
732,93,Djinn
1844,93,Parallel
1363,92,Interracial
938,92,Fan
739,91,Dom
1370,91,Intuition
770,91,Dysfunction
1111,91,Giant
1932,91,Política
241,91,Battle
2414,90,Suburbia
376,90,Campus
1615,90,Mexican
2675,90,Wildlife
2409,89,Submarine
1589,89,Mediums
1950,89,Powder
1263,89,Honor
561,89,Corps
1013,88,Flight
2296,88,Slash
1835,88,Paleontology
2146,88,Rural
849,87,Equine
1108,87,Ghouls
2129,87,Romanov
1490,86,Leídos
1065,86,Fundamentalism
1866,86,Period
1286,86,Hurricane
94,84,Amateur
2454,84,Swords
1154,84,Grey
1110,84,Giallo
1865,84,Perfume
1823,83,Oulipo
1395,83,Jealousy
2419,83,Suffering
654,83,Daughters
1834,82,Paleo
1782,82,Nursing
1753,82,Nihilism
210,81,Australiana
487,81,Coding
660,81,Deception
12,80,40K
2494,80,Templar
1785,80,Nárnia
1203,80,Healer
481,80,Clássico
545,80,Continental
1653,80,Mmf
723,80,Distopía
1076,79,Gambling
567,79,Cosy
1617,78,Mfm
2343,78,Speak
1337,78,Inferno
111,78,Androids
1900,78,Plantation
1002,77,Finishing
1322,77,Incarnations
2005,77,Psicología
387,77,Capital
1451,76,Komiksy
2548,76,Transcendentalism
2314,76,Sniper
196,76,Athletics
798,76,Elder
2071,75,Redemption
496,75,Colombian
1361,75,Interpersonal
1693,74,Muslim
2373,74,Stealing
1511,73,Losing
219,73,Aventura
298,73,Bisexual
1751,73,Nightwalker
192,73,Asylum
1756,72,Nineteenth
108,72,Anarchy
1461,72,Lad
997,71,Filipino
1789,71,Obsession
407,71,Catastrophe
1917,71,Poli
1173,71,Gunpowder
113,71,Angelfire
1619,71,Micro
2491,70,Telepathy
2485,70,Techno
472,70,Climatology
520,70,Companion
2399,70,String
831,70,Entangled
302,70,Bizarro
2416,70,Succubi
539,69,Consequences
1050,69,Freedom
1024,69,Foodie
1143,69,Gossip
1548,69,Manwhore
2017,69,Psycho
21,68,Aboriginal
575,68,Country
2070,68,Red
128,68,Anthro
1194,68,Harlem
1412,68,Jungle
667,67,Dekkarit
1212,67,Hell
2388,67,Storico
2554,67,Translated
1603,67,Mermaids
2013,67,Psychedelic
1294,66,Icelandic
807,66,Ember
1114,66,Gilded
306,66,Blackmail
2661,65,Whaling
2212,65,Semiotics
384,65,Canon
383,65,Cannibalism
1148,65,Grail
35,65,Accidents
2235,64,Shadowhunter
1037,64,Fossils
2158,64,Salem
2629,63,Vigilantes
1666,63,Monks
564,63,Cosmic
2672,63,Wiedźmin
1360,63,Internment
1665,63,Mongols
1496,63,Life
1741,63,Never
603,62,Crisis
1597,62,Mennonite
1611,62,Meteorology
43,62,Adaptation
875,62,Ethnography
1687,62,Mummy
1030,61,Foreign
1215,61,Hermaphrodite
2246,61,Sharks
2558,61,Trauma
414,61,Cemetery
896,61,Existentialist
607,60,Cross
1179,60,Hacking
2362,60,Spórt
2293,60,Skinwalker
1827,60,Outlaws
2278,60,Sifi
2411,59,Substance
1317,59,Impulse
1897,59,Planetary
2448,59,Swindle
2724,59,Zoology
292,59,Biological
1231,58,Hindu
2177,58,Scarecrow
1019,58,Flying
759,58,Dráma
242,58,Bbw
18,58,Abolition
2386,57,Storia
1362,57,Interplanetary
2021,57,Psychopathology
2053,57,Rapture
2497,57,Terraforming
874,57,Ethnic
941,57,Fanfic
2051,57,Ranger
1144,57,Goth
534,56,Conflict
466,56,Class
197,56,Atlantis
1128,56,Gnostic
2513,56,Theory
2066,55,Rebus
656,55,Deaf
1805,55,Onomatopoeia
229,55,Baking
2532,55,Totalitarianism
1999,55,Providence
2139,54,Roommates
1683,54,Multigenerational
933,54,Fame
958,54,Fathers
2459,54,System
281,54,Bilim
1960,54,Prediction
763,54,Duke
2084,54,Relatos
1272,53,Host
1356,53,Interconnected
55,53,Aeronautics
2509,53,Theft
2170,53,Saxon
2474,52,Tarzan
682,52,Desert
263,52,Bereavement
2368,52,Stalking
1249,52,Hollywood
2203,51,Seduction
903,51,Expedition
1064,51,Fun
1129,51,Goblins
501,51,Coma
2157,51,Saints
2708,51,Ww2
1324,51,Indentured
1906,51,Pleasure
1695,51,Mutation
495,50,Collide
2469,50,Tamuli
311,50,Blitz
1433,50,Kiddie
450,50,Christianity
1003,50,Finnish
1914,50,Point
2563,50,Triangle
2222,50,Servants
665,49,Defiance
268,49,Between
523,49,Competition
1859,49,Pedagogy
2285,49,Sinners
911,49,Extinct
2622,49,Veterinary
935,49,Families
122,49,Animals
2350,48,Spies
1606,48,Mesopotamia
1964,48,Premonition
1574,48,Mature
562,48,Correspondence
326,48,Bombing
818,48,Encounters
164,48,Armageddon
684,48,Desi
23,48,Absurdist
1836,47,Palestinian
2636,47,Violent
1006,47,Firefly
615,47,Crusades
1973,47,Prince
1134,47,Gold
2605,47,Uplift
11,47,2Nd
1056,47,Frontier
785,46,Economic
1242,46,Històrica
1802,46,One
1686,46,Multiverse
2690,46,Womanhood
2083,46,Relativity
1449,46,Known
1080,46,Gangster
2287,46,Sirens
401,46,Caste
1986,46,Prohibition
2023,46,Psychopathy
2124,46,Roma
1854,46,Past
1366,46,Intertwined
876,46,Eugenics
1411,46,Jungian
202,46,Attorney
2422,46,Sufism
814,46,Emperor
1869,45,Persia
533,45,Confessions
104,45,Analytic
1903,45,Players
448,45,Cholera
2447,45,Sweet
1273,45,Hostage
1599,44,Mercenary
1634,44,Miracle
181,44,Assasins
1883,44,Physical
2178,44,Scarred
796,44,Egyptology
57,44,Affair
1963,44,Prejudice
2722,44,Zodiac
1100,43,Georgian
2353,43,Spionaggio
996,43,Filipiniana
2173,43,Scandanavian
161,43,Argentine
157,43,Archetypes
2714,43,Yellow
2468,43,Talon
1943,42,Postal
328,42,Bondage
2520,42,Third
1375,42,Iranian
1684,42,Multiple
1971,41,Pride
132,41,Antihero
1034,41,Forgery
1187,41,Happily
1855,41,Pastiche
1102,41,Germania
1523,41,Macabre
2564,41,Tribal
1004,41,Fire
1339,41,Information
71,41,Airborn
332,41,Bootlegging
530,40,Concentration
2027,40,Pua
396,40,Cartography
2431,40,Supernova
1528,40,Mages
1314,40,Impostors
1315,40,Imposture
980,40,Ficcao
1729,40,Nazism
2094,40,Resistance
923,40,Faerie
433,40,Chew
2588,39,Undercover
854,39,Erotik
2457,39,Syndrome
446,39,Chocolate
2530,39,Torture
2371,39,Starbound
2310,39,Smuggling
2591,39,Underworld
91,39,Alternating
442,39,Chilean
1026,38,Fools
1996,38,Protection
2389,38,Storms
2568,38,Troops
1238,38,Histoire
590,38,Crazy
577,38,Courtesan
1043,38,Francophilia
1448,38,Knit
2585,38,Uncertainty
1234,38,Hiroshima
2148,38,Russi
2673,38,Wild
436,38,Chicano
2088,38,Reportage
809,38,Emergent
1826,38,Outer
819,37,Encryption
2150,37,Sacred
386,37,Capes
735,37,Dnp
200,37,Atrocity
371,37,Cadavers
1104,37,Gettysburg
1623,37,Middlegrade
1083,37,Gatekeepers
981,36,Ficcion
380,36,Candidates
425,36,Character
453,36,Chronicles
297,36,Biracial
2575,36,Tunnels
2449,36,Swindlers
1941,36,Possessive
1561,35,Marx
2089,35,Reporter
1563,35,Masada
2273,35,Sibling
162,35,Argentinian
374,35,Camelot
1792,35,Occupation
821,35,Encyclopedia
1483,35,Legion
2542,35,Tragic
1196,35,Harpy
1533,35,Mail
1578,35,Mead
211,35,Austrian
318,34,Bluestocking
2526,34,Tibetan
2029,34,Punishment
1116,34,Girlboss
1136,34,Golems
1343,34,Injustice
932,34,False
2276,34,Siege
155,34,Archeology
858,34,Escape
973,34,Fertility
1876,34,Phantom
1385,34,It
249,34,Bean
2092,33,Rescue
2682,33,Wives
949,33,Farm
1988,33,Proper
65,33,Agency
2195,33,Seaside
416,33,Ceo
1878,33,Philippine
1627,33,Mil
2351,33,Spinster
1982,33,Professions
1811,33,Oral
290,33,Biografier
1416,33,Jury
872,33,Essays
27,33,Abusive
2721,33,Zen
537,33,Conqueror
1222,32,Hibernation
2217,32,Sequence
2696,32,Wondrous
936,32,Famine
1890,32,Pilgrims
998,32,Filosófia
2476,32,Tattooed
236,32,Bard
2655,32,Werecats
1373,32,Investigative
17,32,Ability
2190,32,Screenwriting
1630,32,Millionaire
947,32,Far
1535,31,Mainstream
1321,31,Incarceration
1655,31,Mobster
2268,31,Shy
2393,31,Stranded
629,31,Curse
1595,31,Mena
66,31,Agents
1348,31,Insomnia
340,31,Brainwashing
646,31,Daoism
1325,31,India
385,30,Caper
703,30,Didactic
781,30,Eclipse
2512,30,Theoretical
170,30,Arson
2415,30,Succession
879,30,Euthanasia
1554,30,Marketing
930,30,Falling
1671,30,Mortality
1867,30,Persecution
2407,30,Subculture
1933,30,Pompeii
692,30,Development
580,30,Courtship
2359,30,Sprawl
1170,30,Guilt
2606,30,Urania
1408,30,Judges
559,30,Corduroy
73,30,Airships
2058,30,Realismo
421,30,Changeling
1889,29,Pilgrimage
1176,29,Gutsy
1005,29,Firebird
1172,29,Gulag
301,29,Bizarre
711,29,Disappearance
2587,29,Under
753,29,Drowning
613,29,Cruel
1662,29,Monarchy
502,29,Comanche
1166,29,Guardian
185,29,Asshole
2162,29,Sarcasm
1505,29,Littérature
2279,29,Silence
1219,29,Heroin
2668,29,Wiccan
643,29,Daemon
1858,29,Patristics
2473,29,Tartan
2421,29,Sufi
641,29,D
869,28,Espionnage
399,28,Case
862,28,Esoterica
1577,28,Mccarthyism
977,28,Ff
341,28,Bravery
823,28,Endurance
1752,28,Nightworld
2187,28,Scots
1244,28,Hive
616,28,Crush
2676,27,Wildstorm
1790,27,Obsessive
2616,27,Vatican
419,27,Chains
2292,27,Skinjacker
631,27,Custody
2049,27,Rake
447,27,Choice
2186,27,Scotland
1028,27,Force
1283,27,Hunger
1189,27,Harassment
1264,27,Hoot
163,27,Aristocracy
2630,26,Vignettes
1410,26,Jugendbuch
1937,26,Pornography
2060,26,Reality
2216,26,Separation
2487,26,Tedesca
89,26,Altered
593,26,Creativity
1383,26,Isolation
458,26,Cifi
2702,26,Worms
1057,26,Frontlines
1514,26,Lottery
2618,26,Vegan
1438,26,Kids-Book
1441,26,Kingdom
1620,26,Microbiology
264,26,Berserker
266,25,Bestiaries
2095,25,Restoration
67,25,Agoraphobia
1290,25,Héroïc
2680,25,Witness
45,25,Addiction
2014,25,Psychiatric
1346,25,Insatiable
320,25,Boardbook
1484,25,Leopard
985,25,Fict
1847,25,Parasites
1613,25,Metro
928,25,Fall
2540,25,Trafficking
1285,25,Hunting
519,25,Comp
974,25,Feudal
1073,25,Galapagos
1167,24,Guards
225,24,Aztec
2354,24,Splatterpunk
439,24,Chik
1643,24,Mistaken
296,24,Biotechnology
1152,24,Greed
2315,24,Snuff
313,24,Blood
736,24,Documentary
1168,24,Guerra
364,24,Burned
2251,24,Shifters
707,24,Diplomacy
1384,24,Israeli
1551,24,Marital
1396,24,Jedi
1987,24,Propaganda
411,24,Celebrity
1424,24,Kafkaesque
972,24,Feral
2213,23,Sensation
2034,23,Purity
2489,23,Teenage
663,23,Deep
1018,23,Fluke
1001,23,Fine
1409,23,Judicial
493,23,Collapse
1357,23,Intercourse
2615,23,Variant
824,23,Enduring
716,23,Disfunctional
1696,23,Mute
2402,23,Stripteasers
1335,23,Infectious
370,23,Cabin
1868,23,Perseverance
2225,22,Sexology
339,22,Brainship
560,22,Corporate
752,22,Drow
1503,22,Litrpg
812,22,Emp
582,22,Covert
1707,22,Nanny
180,22,Asphyxia
2321,22,Sociobiology
2556,22,Transylvania
610,22,Crossover
31,22,Academy
2271,22,Si
2543,22,Training
1415,22,Jurors
912,22,Extortion
535,22,Confucianism
1636,22,Miscarriage
738,22,Dolls
904,22,Experiment
826,21,Enforcement
1491,21,Lgtb
2398,21,Street
587,21,Craft
1091,21,Generation
1262,21,Honeymoon
1857,21,Pathfinder
1853,21,Passion
2611,21,Utopía
1544,21,Manhattan
1320,21,Incantations
336,21,Boxing
1429,21,Khmer
2116,21,Robberies
36,20,Ace
1344,20,Inmates
1255,20,Holy
832,20,Entertainers
2634,20,Vintage
2048,20,Rainforest
2064,20,Reboot
937,20,Famtasy
2464,20,Talismans
1664,20,Monasticism
469,20,Cli
2424,20,Sumerian
2249,20,Shetland
602,20,Crises
2456,20,Symbolism
670,20,Demoniac
2111,20,Rites
417,20,Ceremonies
543,20,Contamination
61,20,After
1066,20,Funeral
521,20,Companionship
2185,20,Schooled
2275,20,Sidhe
352,20,Broken
2056,20,Real
2433,20,Superstring
1830,20,Pacific
2410,19,Submission
799,19,Electromagnetic
733,19,Dna
1875,19,Peruvian
793,19,Egoism
726,19,Diversity
2165,19,Satellites
1610,19,Meteorites
485,19,Codependent
909,19,Explosions
1994,19,Prosperity
1818,19,Orphanage
1506,19,Lockdown
2644,19,Void
1113,19,Gigolo
368,19,Butch
367,19,Businessmen
1485,19,Lesfic
86,19,Alliances
2621,19,Veterinarians
664,19,Defenders
1923,19,Policier
1162,19,Grovel
144,19,Apprentice
1464,19,Larceny
1668,19,Monsters
666,19,Defy
2179,19,Scars
1713,19,Narcotic
1697,19,Mutiny
2142,19,Ruin
2703,19,Worship
2439,19,Surveillance
1546,18,Manifest
147,18,Arabian
1163,18,Groveling
773,18,Détective
1376,18,Ireland
114,18,Angelology
1716,18,National
232,18,Bank
1183,18,Hallucinations
1236,18,Hispanoamericana
813,18,Empathy
810,18,Emigration
2699,18,Workplace
659,18,Decadence
2365,18,Stalingrad
719,18,Dissociative
1454,18,Kowloon
1803,18,Oni
1275,18,Hourglass
1446,18,Klux
630,18,Curvy
2082,17,Relationships
499,17,Colonization
1268,17,Horro
1341,17,Infosec
1801,17,On
2198,17,Secrecy
1319,17,Inca
134,17,Antisemitism
2346,17,Species
1796,17,Odyssey
1473,17,Latter
1816,17,Origin
1739,17,Neurobiology
612,17,Crude
1540,17,Man
897,17,Exorcism
890,17,Exile
404,17,Castrati
2236,17,Shadowlands
239,17,Baseball
2450,17,Swiss
851,17,Eros
2441,17,Survivalist
690,17,Detektivky
1646,16,Mistresses
337,16,Boy
503,16,Combat
2412,16,Subterranean
718,16,Dissenters
1725,16,Navajo
642,16,Dacians
34,16,Accidental
788,16,Ecoterrorism
2516,16,Thermopylae
1478,16,Leadership
2394,16,Strangers
2113,16,Ro
169,16,Arsenic
1758,16,No
1837,16,Pan
330,16,Book
2065,16,Reborn
2041,16,Quirky
1044,16,Francophone
473,15,Climbing
418,15,Chain
617,15,Crypto
1881,15,Phobias
578,15,Courtiers
1849,15,Parenting
440,15,Chiklit
572,15,Counterfeiters
1220,15,Hetalia
727,15,Divination
1075,15,Gamblers
1180,15,Hades
248,15,Beachy
1365,15,Interstellar
2404,15,Structuralism
1374,15,Invisibility
2697,15,Wordplay
1092,15,Generational
1389,15,Jaff
1765,15,Nonviolence
2627,15,Videogame
1391,15,Japan
19,15,Abolitionism
5,15,1940S
2524,15,Threesome
2535,15,Tr
2472,15,Tarot
1609,15,Metaphysical
2227,14,Sexuality
2328,14,Sonnets
1877,14,Pharaohs
2109,14,Rich
511,14,Comic-Strip
1131,14,Goddess
1896,14,Plane
2492,14,Teleportation
913,14,Extraterrestrial
1371,14,Invasion
1604,14,Merpeople
1450,14,Komedi
2009,14,Psikoloji
1078,14,Gamification
1624,14,Midwife
1672,14,Mossad
504,14,Comedic
412,14,Celestial
880,14,Evacuation
1060,14,Fugitive
362,14,Bureaucracy
1048,14,Freaks
2117,14,Robbers
1560,14,Martyrs
2364,14,Stained
1254,14,Holocausto
1208,14,Heat
308,14,Blended
37,14,Acheron
2138,14,Romántica
717,14,Dishonesty
333,13,Boss
2181,13,Scepticism
767,13,Dwellings
2289,13,Sith
1955,13,Prairie
2247,13,Sheriff
2519,13,Thiller
2718,13,Zaklinac
919,13,Fact
406,13,Cat
1948,13,Poststructuralism
1358,13,Interfaith
2478,13,Teachers
1915,13,Poison
238,13,Baroque
1486,13,Letter
2234,13,Sfr
1295,13,Idealism
2573,13,Tsunami
1651,13,Mixed
1650,13,Mitteleuropa
556,13,Cooperation
2590,13,Underwater
1929,13,Pollution
1833,13,Paganism
2295,13,Skullduggery
2643,13,Vision
1355,13,Interactive
1146,13,Governess
1549,13,Maori
702,13,Dictatorship
802,13,Elf
274,13,Big
1545,13,Manhwa
279,13,Bildungromane
1298,13,Idolatry
1873,13,Personality
1156,13,Grieving
1748,13,Nightmares
787,13,Ecosystems
1312,13,Imperial
955,13,Fate
390,13,Career
400,13,Castaways
2087,13,Repentance
848,13,Equestrian
2647,13,Weapons
1184,13,Hallucinogenic
237,13,Bardolatry
2255,12,Shoah
153,12,Archaeological
2482,12,Teasing
2387,12,Storici
728,12,Divine
1567,12,Mass
2719,12,Zamonia
1601,12,Merfolk
201,12,Attacks
1629,12,Milkweed
619,12,Cryptology
1509,12,Lone
1527,12,Mafioso
1564,12,Masculinity
1457,12,Krimier
1965,12,Prep
761,12,Dub
1851,12,Partisans
331,12,Books
856,12,Eròtic
2313,12,Smutty
2205,12,Seerah
1852,12,Passing
70,12,Air
1336,12,Inference
1332,12,Infamous
522,12,Comparative
833,12,Entheogens
1316,12,Imprisonment
2420,12,Suffrage
1288,12,Hypnosis
1732,12,Neglect
39,12,Acquaintance
1863,12,Performance
1905,12,Play-Script
1364,12,Intersectional
1193,12,Harem
657,12,Dealing
1771,12,Nouveau
105,12,Analytical
710,12,Disabled
1052,12,Friend
2698,12,Work
1772,12,Nouvelles
1213,11,Herbalists
465,11,Clandestine
1017,11,Fluffy
1250,11,Holmesian
1289,11,Hypnotism
1032,11,Forest
2110,11,Ripper
178,11,Ascendance
1070,11,Futurology
2169,11,Savant
2544,11,Traitor
2012,11,Psychedelia
2201,11,Secular
75,11,Alchemists
1251,11,Holmesiana
402,11,Casters
2172,11,Scandal
2182,11,Scfi
1504,11,Litterature
426,11,Chase
574,11,Counterterrorism
2267,11,Shtf
1649,11,Mitologia
1946,11,Posthuman
688,11,Destiny
2318,11,Socialissues
1680,11,Mughal
2327,11,Solitude
360,11,Budo
866,11,Esp
877,11,Euro
1647,11,Misunderstanding
2290,11,Situationist
1769,11,Northmen
1704,11,Nacionais
2503,11,Textual
730,11,Divulgacion
295,11,Biotech
1394,10,Jealous
141,10,Apothecary
1459,10,Ku
888,10,Execution
652,10,Date
1452,10,Koran
1570,10,Mates
784,10,Econ
2593,10,Unenchanted
2224,10,Sexism
1856,10,Pastoral
792,10,Eerie
1663,10,Monastery
2127,10,Romanesti
1626,10,Migration
673,10,Demonology
2418,10,Sudanese
1301,10,Illegal
46,10,Adept
811,10,Emotional
444,10,Chinatown
2637,10,Virago
517,10,Communism
2442,10,Survivors
261,10,Belgian
2434,10,Supervillains
1334,10,Infected
837,10,Environmentalist
775,10,Earth
1557,10,Married
2569,10,Tropical
2496,10,Terminal
1840,10,Paparazzi
755,10,Drugs
1843,10,Paradise
2239,10,Shangri
1780,10,Nuns
2342,10,Sparta
486,10,Codex
1476,10,Lawyers
152,10,Archaelogical
621,10,Cuban
967,10,Feminisme
584,10,Coyote
816,9,Empiricism
1541,9,Management
215,9,Automatons
2303,9,Slipstream
56,9,Aerospace
2505,9,Thanatology
532,9,Confessional
815,9,Empire
859,9,Escaped
344,9,Breadwinner
398,9,Cartoons
443,9,Chima
1810,9,Oppression
638,9,Cyberspace
1126,9,Gnomes
1985,9,Progressive
850,9,Era
1117,9,Girlhood
931,9,Fallout
1838,9,Pandemic
1925,9,Polisiye
375,9,Camping
2565,9,Tribes
2140,9,Rot
6,9,1950S
24,9,Abundance
797,9,Eighteenth
488,9,Cog
420,9,Chameleon
1405,9,Jousei
594,9,Creature
1293,9,Icefire
95,9,Amazons
2534,9,Toxicology
780,9,Ecchi
2121,9,Rockets
889,9,Executioner
1436,9,Kidnapping
518,8,Communist
451,8,Christianliving
2385,8,Stone
1141,8,Gore
62,8,Afterdark
1862,8,Perception
32,8,Acadian
1241,8,Històric
820,8,Encyclopaedia
2152,8,Sad
2347,8,Specimens
2324,8,Sociopathy
38,8,Acid
2701,8,Wormholes
1303,8,Illuminati
1804,8,Online
338,8,Boys
2153,8,Sadomasochism
2072,8,Reformation
845,8,Epistolar
1582,8,Mediaeval
1055,8,Frog
98,8,Americani
1919,8,Policewomen
1921,8,Policiais
662,8,Decolonization
1040,8,Frame
168,8,Arrepios
1508,8,London
655,8,Dead
365,8,Bushrangers
914,8,Extreme
632,8,Cute
1480,8,Lebanese
222,8,Awakening
637,8,Cybersecurity
595,8,Creatures
1489,8,Level
1061,8,Full
2063,8,Rebellion
1499,8,Linguistics
2632,8,Villains
683,8,Deserted
79,8,Aleph
1537,8,Malay
531,8,Conclave
1575,8,May
217,8,Avant
194,8,Atheism
2068,8,Recluse
2067,8,Recluce
1521,8,Lynchings
84,8,All
356,8,Brotherly
2713,7,Y
2501,7,Testimony
2366,7,Stalinism
2504,7,Tf
2272,7,Siberia
2262,7,Shoplifting
260,7,Beletristica
159,7,Archives
2305,7,Slowburn
348,7,Brigands
351,7,Britlit
432,7,Chevalier
2307,7,Smexy
2325,7,Soft
247,7,Beach-Read
2211,7,Sellswords
83,7,Alive
2400,7,Strippers
275,7,Bigamy
244,7,Bds
363,7,Buried
2438,7,Surrogacy
138,7,Apocalypsies
146,7,Arabia
2338,7,Spaceflight
2406,7,Sturgeon
1,7,100
906,7,Exploitation
2096,7,Resurrection
898,7,Exorcist
1901,7,Play
1839,7,Pantheon
742,7,Domination
2047,7,Rags
1186,7,Handler
2073,7,Reformed
908,7,Exploration
1920,7,Policiaca
1565,7,Mash
744,7,Doomsday
2091,7,Reputations
1282,7,Hungarian
1808,7,Opium
1607,7,Metaethics
1369,7,Introspective
984,7,Ficiton
1367,7,Intriga
1510,7,Longevity
1304,7,Illusions
506,7,Comet
745,7,Drag
868,7,Espionagem
1247,7,Holidays
608,7,Crossdressing
2042,7,Québécois
2159,7,Salvage
1717,7,Nationalism
1041,7,Francesa
1891,7,Pinoy
687,7,Destined
1679,7,Mpd
477,7,Clowns
971,7,Femme
478,7,Clues
704,7,Dieselpunk
1243,7,Hitman
1200,7,Havana
946,7,Fante
1137,7,Goncourt
1936,7,Porn
492,7,Coldfire
347,6,Brides
343,6,Brazilian
1902,6,Playboy
1015,6,Florida
675,6,Denial
1492,6,Liberation
1930,6,Poly
994,6,Fiktio
1465,6,Late
635,6,Cyberhard
2286,6,Sioux
373,6,Calvinism
1967,6,Preservation
1969,6,Preteen
120,6,Animalia
1427,6,Kepler
1879,6,Philology
1820,6,Orthodoxy
1536,6,Makeover
1538,6,Malaysian
1722,6,Naturalist
817,6,Empowerment
265,6,Best
2401,6,Stripping
1705,6,Nagas
838,6,Envy
1648,6,Mithermages
1784,6,Nypd
2384,6,Stolen
893,6,Existencialismo
895,6,Existentialisme
899,6,Expanded
307,6,Blacksmithing
312,6,Blizzard
1800,6,Olympians
213,6,Autobio
2363,6,Stage
204,6,Augmented
918,6,Fabulist
199,6,Atonement
1997,6,Protective
1829,6,Overpopulation
188,6,Astro
1848,6,Parental
1860,6,Penal
2333,6,Souls
2523,6,Threat
2260,6,Shootings
276,6,Bigfoot
1132,6,Godly
1059,6,Fucked
2133,6,Romantico
547,6,Convicts
546,6,Contracts
538,6,Conquistadors
1127,6,Gnosis
1197,6,Hasidism
1121,6,Glam
2075,6,Regal
1230,6,Hilarity
1214,6,Heresy
410,6,Cavemen
2022,6,Psychopaths
1259,6,Homicide
455,6,Ci
1216,6,Hermeneutics
1223,6,Hidden
2002,6,Psichology
1201,6,Hawaiiana
2104,6,Revival
1297,6,Idioms
2001,6,Pseudo
2645,6,Voodoo
2147,6,Ruritania
2204,6,Seeds
1107,6,Ghosts
1266,6,Horor
525,6,Complicated
429,6,Cheesy
1529,5,Magia
2135,5,Romantis
569,5,Counselling
1885,5,Picaresca
2221,5,Sermons
2329,5,Sorcery
183,5,Assassination
550,5,Cookbookery
691,5,Determinism
1972,5,Priests
701,5,Diaspora
1864,5,Performing
1287,5,Hybrids
28,5,Abyssal
207,5,Aussie
205,5,Aura
203,5,Audio
2495,5,Tengu
1188,5,Happy
1579,5,Mecha
1192,5,Hardcore
1568,5,Massacres
1566,5,Mashup
2664,5,Who
1656,5,Moc
2339,5,Spaceships
948,5,Farce
573,5,Counterinsurgency
1519,5,Lycans
240,5,Basque
1382,5,Islandia
1738,5,Neuro
474,5,Clinical
1708,5,Nanotech
127,5,Anthologies
779,5,Eccentric
1759,5,Nocturnal
1063,5,Fumetto
123,5,Annexation
1042,5,Franco
604,5,Critica
1983,5,Profiling
2608,5,Utilitarianism
109,5,Anasazi
1991,5,Prosa
394,5,Cartel
395,5,Cartographers
2000,5,Proza
1692,5,Musketeers
1768,5,North
645,5,Danse
405,5,Casualties
1520,5,Lycanthropes
2689,5,Woman
970,5,Feminista
2390,5,Storybooks
1106,5,Ghosties
2557,5,Trashy
2238,5,Shambhala
2633,5,Vinge
1086,5,Gblt
2300,5,Sleepwalking
2566,5,Tribulation
1380,5,Islamophobia
2100,5,Revelation
1257,4,Homecoming
1226,4,Higher
1736,4,Neopagan
460,4,Citadel
2435,4,Supremacy
1210,4,Hedonism
1661,4,Mom
1635,4,Misanthropy
13,4,70
1685,4,Multiplicity
827,4,Engaged
902,4,Expats
901,4,Expatriate
1621,4,Microeconomics
2467,4,Tall
1719,4,Nativeamerican
1256,4,Home
102,4,Amor
1174,4,Guns
1165,4,Gruesome
150,4,Arachnids
1011,4,Fixi
1084,4,Gaul
1012,4,Flash
1074,4,Gallic
2584,4,Ukrainian
1458,4,Kryminały
1025,4,Foodwriting
1072,4,Galactic
1444,4,Kisses
1033,4,Forever
1036,4,Formic
2595,4,United
93,4,Am
124,4,Antarctic
2603,4,Unwed
1414,4,Jurisprudence
1421,4,Juvenis
1045,4,Franken
1103,4,Gestalt
2545,4,Traitors
1517,4,Lusophone
2514,4,Theosophy
1605,4,Mesoamerica
1300,4,Ilium
1590,4,Memetics
1588,4,Mediterranean
1581,4,Media
2671,4,Wiedzmin
2499,4,Terrorism
2663,4,White
2515,4,Theravada
965,4,Femdom
2617,4,Vedanta
2529,4,Toltec
2533,4,Tournament
1526,4,Mafiosi
72,4,Airplane
1349,4,Inspector
174,4,Artifacts
961,4,Fearless
1331,4,Industrial
2161,4,Sanguines
2309,4,Smugglers
1812,4,Orbit
671,4,Demonic
552,4,Cookboooks
2112,4,Rivalry
2107,4,Rhetoric
1807,4,Operative
2192,4,Sculptors
354,4,Brother
382,4,Cannablism
2214,4,Sense
2266,4,Showdown
2308,4,Smoking
2093,4,Resilience
1990,4,Prophetic
591,4,Creation
2069,4,Reconstruction
1845,4,Paranoia
695,4,Devotional
2085,4,Remarried
1993,4,Prosecutors
1977,4,Privateers
2126,4,Romana
289,4,Biografien
2228,4,Sexwork
1831,4,Pact
2164,4,Satan
2040,4,Quickies
2168,4,Savages
315,4,Bloodletting
2151,4,Sacrifice
2280,4,Silk
713,4,Discarded
649,4,Darkside
325,4,Bohemia
769,4,Dynasty
284,4,Billionaires
720,4,Dissonance
2277,4,Sience
1956,4,Prayer
1861,3,Peninsular
2642,3,Viruses
700,3,Diaries
2330,3,Sota
597,3,Creole
2511,3,Theological
2502,3,Texana
2019,3,Psychonautics
193,3,At
2640,3,Virtue
78,3,Alcoholism
2003,3,Psico
2508,3,Theatrical
1842,3,Parable
600,3,Criminales
1742,3,Neverland
1047,3,Fraud
614,3,Cruelty
2577,3,Tutsi
136,3,Aphorisms
1467,3,Latina
1468,3,Latinamerican
372,3,Cajun
151,3,Arch
995,3,Fiktion
650,3,Darwinism
1488,3,Letters
2598,3,Unplanned
2561,3,Trees
2599,3,Unpredictability
2604,3,Upanishads
2256,3,Shock
1980,3,Prodigal
983,3,Ficition
978,3,Fiabe
165,3,Arms
679,3,Depth
1825,3,Outdoors
1425,3,Kami
681,3,Derecho
685,3,Desperation
686,3,Dessert
2320,3,Socio
176,3,Arts
2500,3,Terrorist
1580,3,Mechanics
2090,3,Repressed
892,3,Existencialism
1299,3,Idols
435,3,Chica
2678,3,Wired
1640,3,Missiology
1292,3,Iberia
1169,3,Guerrilla
750,3,Dramedy
1181,3,Half
2099,3,Rev
243,3,Bd
515,3,Commitment
757,3,Druidism
863,3,Esoterie
847,3,Epska
1252,3,Holmsian
498,3,Colonisation
2437,3,Surrealist
483,3,Cocaine
286,3,Bioengineering
16,3,Abenteuer
1762,3,Nonduality
2171,3,Sc
461,3,Civics
1224,3,Hide
808,3,Embezzlement
273,3,Bibliotherapy
803,3,Elite
524,3,Compilations
1953,3,Powiesc
317,3,Blues
1305,3,Illustrated
917,3,Fables
558,3,Cops
304,3,Bl
1159,3,Grimoire
2662,3,Whimsical
1345,3,Insanity
1306,3,Imaginaire
2648,3,Web
2219,3,Serbian
1819,3,Orrore
1119,3,Girly
731,3,Divulgazione
743,3,Donne
2711,2,Wyzyrd
2144,2,Runners
1124,2,Glbtqi
1209,2,Heavy
2257,2,Shocking
2281,2,Silly
2659,2,Werwolves
1445,2,Klasik
2720,2,Zebra
1959,2,Preaching
4,2,1920S
2583,2,Uk
484,2,Code
60,2,Afrocentric
1978,2,Problem
80,2,Algerian
2077,2,Regular
2006,2,Psicom
1422,2,Juvie
2008,2,Psikologi
1423,2,Kabbalah
107,2,Anarcho
1462,2,Lady
2245,2,Sharkman
2200,2,Secrets
1309,2,Imagism
1390,2,Jail
611,2,Crossroads
1096,2,Gentle
1428,2,Kgb
2691,2,Womans
514,2,Commander
500,2,Colony
528,2,Computers
2233,2,Sfff
1353,2,Instructional
1010,2,Firstborn
910,2,Expose
2341,2,Spanning
1659,2,Modernlit
939,2,Fanasty
940,2,Fanatasy
1556,2,Marriages
865,2,Esoterismo
705,2,Digital
944,2,Fantaisie
2352,2,Spionage
855,2,Erotismo
2392,2,Str8
184,2,Assassins
954,2,Fast
762,2,Duhovnost
254,2,Beaux
323,2,Bodies
2355,2,Spooks
2395,2,Strategic
1638,2,Mischief
1787,2,Obedience
224,2,Azione
303,2,Bizzaro
2475,2,Tasawwuf
310,2,Bliss
1612,2,Metis
2462,2,Tactical
1783,2,Nusantara
1795,2,Odd
235,2,Banter
2361,2,Spycraft
886,2,Excellent
881,2,Ever
1591,2,Memior
1871,2,Persiannovel
951,2,Farsi
2426,2,Supence
149,2,Arabiclit
989,2,Ficçao
2559,2,Treachery
696,2,Devotionals
1495,2,Lies
2555,2,Transpersonal
1008,2,Fireproof
676,2,Depravity
1754,2,Nihilistic
2408,2,Subliminal
2547,2,Transcendent
2429,2,Superheroes
789,2,Edification
841,2,Epicurean
259,2,Beletrie
369,2,C
1534,2,Mainly
1530,2,Magik
2536,2,Traded
805,2,Elseworlds
1712,2,Narcos
2167,1,Saucy
272,1,Bibliothecaris
1755,1,Nimbus
40,1,Acting
748,1,Dragons
887,1,Exciting
2716,1,Younger
1637,1,Miscellaneous
282,1,Bilimkurgu
2681,1,Witty
2134,1,Romantiek
1233,1,Hip
2684,1,Wizards
1691,1,Musicals
509,1,Comicmanga
2381,1,Stmívání
2704,1,Wow
758,1,Dràmàk
1260,1,Homosexual
1698,1,Myst
1207,1,Heartbreaking
864,1,Esoterik
2176,1,Scare
1778,1,Ntr
1660,1,Mohini
291,1,Biográficos
1706,1,Nai
1278,1,Humanities
1171,1,Guilty
7,1,1960S
1786,1,Oasis
2580,1,Twisty
49,1,Adrenaline
1402,1,Journalism
1998,1,Protectors
177,1,Artsy
1882,1,Photography
2537,1,Trades
2312,1,Smutt
680,1,Depths
1516,1,Lurve
2549,1,Transfiguration
677,1,Depressing
2602,1,Unstable
1494,1,Library
987,1,Fictio
1928,1,Politiste
1221,1,Hetero
2596,1,Universal
625,1,Cults
628,1,Culturally
1440,1,Kindle
791,1,Educational
647,1,Dar
2572,1,Tsa
1939,1,Possesive
1460,1,Labyrinth
697,1,Dewasa
2007,1,Psihologija
300,1,Bittersweet
953,1,Fashioncostume
59,1,Afro
422,1,Channeled
1318,1,In
741,1,Dominance
2215,1,Sensory
314,1,Bloodbath
2360,1,Sprawling
1952,1,Powers
2652,1,Well
1813,1,Ordinary
1120,1,Gizem
925,1,Fairly
2230,1,Sexytime
2032,1,Purge
187,1,Assorted
2031,1,Pure
942,1,Fant
586,1,Crack
82,1,Aliens
1553,1,Marked
2242,1,Shapeshifters
2243,1,Shapshifters
2244,1,Shared
2443,1,Susp
