tag_name,tag_id
100,1
1800S,2
18Th,3
1920S,4
1940S,5
1950S,6
1960S,7
19Th,8
20Th,9
21St,10
2Nd,11
40K,12
70,13
Abandoned,14
Abduction,15
Abenteuer,16
Ability,17
Abolition,18
Abolitionism,19
Abolitionist,20
Aboriginal,21
Absurd,22
Absurdist,23
Abundance,24
Abuse,25
Abused,26
Abusive,27
Abyssal,28
Academia,29
Academic,30
Academy,31
Acadian,32
Acceptance,33
Accidental,34
Accidents,35
Ace,36
Acheron,37
Acid,38
Acquaintance,39
Acting,40
Action,41
Activism,42
Adaptation,43
Addicts,44
Addiction,45
Adept,46
Adolescent,47
Adoption,48
Adrenaline,49
Adult,50
Adultery,51
Fiction,52
Adventure,53
Advertising,54
Aeronautics,55
Aerospace,56
Affair,57
African Literature,58
Afro,59
Afrocentric,60
After,61
Afterdark,62
Afterlife,63
Age,64
Agency,65
Agents,66
Agoraphobia,67
Ai,68
Aids,69
Air,70
Airborn,71
Airplane,72
Airships,73
Alaska,74
Alchemists,75
Alchemy,76
Alcoholics,77
Alcoholism,78
Aleph,79
Algerian,80
Alien,81
Aliens,82
Alive,83
All,84
Allegory,85
Alliances,86
Alpha,87
Alt,88
Altered,89
Alternate,90
Alternating,91
Alternative,92
Am,93
Amateur,94
Amazons,95
American,96
Americana,97
Americani,98
Americans,99
Amish,100
Amnesia,101
Amor,102
Amulet,103
Analytic,104
Analytical,105
Anarchism,106
Anarcho,107
Anarchy,108
Anasazi,109
Ancient,110
Androids,111
Angel,112
Angelfire,113
Angelology,114
Angels,115
Anglo,116
Angst,117
Angsty,118
Animal,119
Animalia,120
Anime,121
Animals,122
Annexation,123
Antarctic,124
Antarctica,125
Anthology,126
Anthologies,127
Anthro,128
Anthropology,129
Anthropomorphic,130
Anti,131
Antihero,132
Antiquity,133
Antisemitism,134
Apartheid,135
Aphorisms,136
Apocalypse,137
Apocalypsies,138
Apocalyptic,139
Apologetics,140
Apothecary,141
Appalachia,142
Appalachian,143
Apprentice,144
Arab,145
Arabia,146
Arabian,147
Arabic,148
Arabiclit,149
Arachnids,150
Arch,151
Archaelogical,152
Archaeological,153
Archaeology,154
Archeology,155
Archer,156
Archetypes,157
Architecture,158
Archives,159
Arctic,160
Argentine,161
Argentinian,162
Aristocracy,163
Armageddon,164
Arms,165
Army,166
Arranged,167
Arrepios,168
Arsenic,169
Arson,170
Art,171
Arthurian,172
Arthuriana,173
Artifacts,174
Artificial,175
Arts,176
Artsy,177
Ascendance,178
Asian,179
Asphyxia,180
Assasins,181
Assassin,182
Assassination,183
Assassins,184
Asshole,185
Assisted,186
Assorted,187
Astro,188
Astronaut,189
Astronomy,190
Astrophysics,191
Asylum,192
At,193
Atheism,194
Atheist,195
Athletics,196
Atlantis,197
Atomic,198
Atonement,199
Atrocity,200
Attacks,201
Attorney,202
Audio,203
Augmented,204
Aura,205
Auschwitz,206
Aussie,207
Austenesque,208
Australian,209
Australiana,210
Austrian,211
Auto,212
Autobio,213
Biography,214
Automatons,215
Avalon,216
Avant,217
Avatar,218
Aventura,219
Aviation,220
Avventura,221
Awakening,222
War,223
Azione,224
Aztec,225
Baby,226
Bad,227
Badass,228
Baking,229
Ballet,230
Banda,231
Bank,232
Banned,233
Banshee,234
Banter,235
Bard,236
Bardolatry,237
Baroque,238
Baseball,239
Basque,240
Battle,241
Bbw,242
Bd,243
Bds,244
Bdsm,245
Beach,246
Beach-Read,247
Beachy,248
Bean,249
Beat,250
Beatnik,251
Beautiful,252
Beauty,253
Beaux,254
Bedtime,255
Beginning,256
Behavioral,257
Behavioural,258
Beletrie,259
Beletristica,260
Belgian,261
Belletristik,262
Bereavement,263
Berserker,264
Best,265
Bestiaries,266
Young Adult,267
Between,268
Bible,269
Biblical,270
Bibliophilia,271
Bibliothecaris,272
Bibliotherapy,273
Big,274
Bigamy,275
Bigfoot,276
Biker,277
Bikers,278
Bildungromane,279
Bildungsroman,280
Bilim,281
Bilimkurgu,282
Billionaire,283
Billionaires,284
Bio,285
Bioengineering,286
Bioethics,287
Biografia,288
Biografien,289
Biografier,290
Biográficos,291
Biological,292
Biopunk,293
Bios,294
Biotech,295
Biotechnology,296
Biracial,297
Bisexual,298
Bit,299
Bittersweet,300
Bizarre,301
Bizarro,302
Bizzaro,303
Bl,304
Black,305
Blackmail,306
Blacksmithing,307
Blended,308
Blind,309
Bliss,310
Blitz,311
Blizzard,312
Blood,313
Bloodbath,314
Bloodletting,315
Bloodline,316
Blues,317
Bluestocking,318
Board,319
Boardbook,320
Boarding,321
Bodice,322
Bodies,323
Body,324
Bohemia,325
Bombing,326
Bond,327
Bondage,328
Bones,329
Book,330
Books,331
Bootlegging,332
Boss,333
Botany,334
Bounty,335
Boxing,336
Boy,337
Boys,338
Brainship,339
Brainwashing,340
Bravery,341
Brazen,342
Brazilian,343
Breadwinner,344
Breathless,345
Breed,346
Brides,347
Brigands,348
Brit,349
British,350
Britlit,351
Broken,352
Romance,353
Brother,354
Brotherhood,355
Brotherly,356
Brothers,357
Buddhism,358
Buddhist,359
Budo,360
Bully,361
Bureaucracy,362
Buried,363
Burned,364
Bushrangers,365
Business,366
Businessmen,367
Butch,368
C,369
Cabin,370
Cadavers,371
Cajun,372
Calvinism,373
Camelot,374
Camping,375
Campus,376
Can,377
Canadian,378
Canadiana,379
Candidates,380
Canlit,381
Cannablism,382
Cannibalism,383
Canon,384
Caper,385
Capes,386
Capital,387
Capitalism,388
Captive,389
Career,390
Caribbean,391
Carnival,392
Carpathian,393
Cartel,394
Cartographers,395
Cartography,396
Cartoon,397
Cartoons,398
Case,399
Castaways,400
Caste,401
Casters,402
Castle,403
Castrati,404
Casualties,405
Cat,406
Catastrophe,407
Catholic,408
Catholicism,409
Cavemen,410
Celebrity,411
Celestial,412
Celtic,413
Cemetery,414
Censorship,415
Ceo,416
Ceremonies,417
Chain,418
Chains,419
Chameleon,420
Changeling,421
Channeled,422
Chaos,423
Chapter,424
Character,425
Chase,426
Cheater,427
Cheating,428
Cheesy,429
Chemistry,430
Cherub,431
Chevalier,432
Chew,433
Chic,434
Chica,435
Chicano,436
Chick Lit,437
Chiclit,438
Chik,439
Chiklit,440
Children,441
Chilean,442
Chima,443
Chinatown,444
Chinese,445
Chocolate,446
Choice,447
Cholera,448
Christian,449
Christianity,450
Christianliving,451
Christmas,452
Chronicles,453
Church,454
Ci,455
Cia,456
Ciencia,457
Cifi,458
Circus,459
Citadel,460
Civics,461
Civil,462
Civilization,463
Ciència,464
Clandestine,465
Class,466
Classics,467
Clean,468
Cli,469
Cliffhanger,470
Climate,471
Climatology,472
Climbing,473
Clinical,474
Clique,475
Clones,476
Clowns,477
Clues,478
Clàssics,479
Clásicos,480
Clássico,481
Coaching,482
Cocaine,483
Code,484
Codependent,485
Codex,486
Coding,487
Cog,488
Cognition,489
Cognitive,490
Cold,491
Coldfire,492
Collapse,493
College,494
Collide,495
Colombian,496
Colonial,497
Colonisation,498
Colonization,499
Colony,500
Coma,501
Comanche,502
Combat,503
Comedic,504
Comedy,505
Comet,506
Comic,507
Comicbook,508
Comicmanga,509
Comics,510
Comic-Strip,511
Coming,512
Comix,513
Commander,514
Commitment,515
Commune,516
Communism,517
Communist,518
Comp,519
Companion,520
Companionship,521
Comparative,522
Competition,523
Compilations,524
Complicated,525
Science Fiction,526
Computer,527
Computers,528
Computing,529
Concentration,530
Conclave,531
Confessional,532
Confessions,533
Conflict,534
Confucianism,535
Congo,536
Conqueror,537
Conquistadors,538
Consequences,539
Conservation,540
Conspiracy,541
Consumerism,542
Contamination,543
Contemporary,544
Continental,545
Contracts,546
Convicts,547
Cook,548
Cookbook,549
Cookbookery,550
Cookbooks,551
Cookboooks,552
Cookery,553
Cooks,554
Cooking,555
Cooperation,556
Cop,557
Cops,558
Corduroy,559
Corporate,560
Corps,561
Correspondence,562
Corrupt,563
Cosmic,564
Cosmology,565
Cosmos,566
Cosy,567
Counseling,568
Counselling,569
Counter,570
Counterculture,571
Counterfeiters,572
Counterinsurgency,573
Counterterrorism,574
Country,575
Court,576
Courtesan,577
Courtiers,578
Courtroom,579
Courtship,580
Covenant,581
Covert,582
Cowboy,583
Coyote,584
Cozy,585
Crack,586
Craft,587
Crafts,588
Crank,589
Crazy,590
Creation,591
Creative,592
Creativity,593
Creature,594
Creatures,595
Creepy,596
Creole,597
Crime,598
Criminal,599
Criminales,600
Criminology,601
Crises,602
Crisis,603
Critica,604
Critical,605
Criticism,606
Cross,607
Crossdressing,608
Crossfire,609
Crossover,610
Crossroads,611
Crude,612
Cruel,613
Cruelty,614
Crusades,615
Crush,616
Crypto,617
Cryptography,618
Cryptology,619
Cthulhu,620
Cuban,621
Cuento,622
Culinary,623
Cult,624
Cults,625
Culture,626
Cultural,627
Culturally,628
Curse,629
Curvy,630
Custody,631
Cute,632
Cutting,633
Cyber,634
Cyberhard,635
Cyberpunk,636
Cybersecurity,637
Cyberspace,638
Czech,639
Cómics,640
D,641
Dacians,642
Daemon,643
Dance,644
Danse,645
Daoism,646
Dar,647
Dark,648
Darkside,649
Darwinism,650
Data,651
Date,652
Dating,653
Daughters,654
Dead,655
Deaf,656
Dealing,657
Death,658
Decadence,659
Deception,660
Deckare,661
Decolonization,662
Deep,663
Defenders,664
Defiance,665
Defy,666
Dekkarit,667
Demigod,668
Demon,669
Demoniac,670
Demonic,671
Demonica,672
Demonology,673
Demons,674
Denial,675
Depravity,676
Depressing,677
Depression,678
Depth,679
Depths,680
Derecho,681
Desert,682
Deserted,683
Desi,684
Desperation,685
Dessert,686
Destined,687
Destiny,688
Mystery,689
Detektivky,690
Determinism,691
Development,692
Devil,693
Devotion,694
Devotional,695
Devotionals,696
Dewasa,697
Dharma,698
Diary,699
Diaries,700
Diaspora,701
Dictatorship,702
Didactic,703
Dieselpunk,704
Digital,705
Dinosaur,706
Diplomacy,707
Dirty,708
Disability,709
Disabled,710
Disappearance,711
Disaster,712
Discarded,713
Discrimination,714
Disease,715
Disfunctional,716
Dishonesty,717
Dissenters,718
Dissociative,719
Dissonance,720
Distopia,721
Distopian,722
Distopía,723
Disturbing,724
Diverse,725
Diversity,726
Divination,727
Divine,728
Divorce,729
Divulgacion,730
Divulgazione,731
Djinn,732
Dna,733
Dnd,734
Dnp,735
Documentary,736
Dog,737
Dolls,738
Dom,739
Domestic,740
Dominance,741
Domination,742
Donne,743
Doomsday,744
Drag,745
Dragon,746
Dragon-Rider,747
Dragons,748
Drama,749
Dramedy,750
Dream,751
Drow,752
Drowning,753
Drug,754
Drugs,755
Druid,756
Druidism,757
Dràmàk,758
Dráma,759
Dual,760
Dub,761
Duhovnost,762
Duke,763
Dungeons,764
Dust,765
Dutch,766
Dwellings,767
Dying,768
Dynasty,769
Dysfunction,770
Dysfunctional,771
Dystopian,772
Détective,773
Early,774
Earth,775
East,776
Eastern,777
Easy,778
Eccentric,779
Ecchi,780
Eclipse,781
Eco,782
Ecology,783
Econ,784
Economic,785
Economics,786
Ecosystems,787
Ecoterrorism,788
Edification,789
Education,790
Educational,791
Eerie,792
Egoism,793
Egypt,794
Egyptian,795
Egyptology,796
Eighteenth,797
Elder,798
Electromagnetic,799
Elemental,800
Elementary,801
Elf,802
Elite,803
Elizabethan,804
Elseworlds,805
Elves,806
Ember,807
Embezzlement,808
Emergent,809
Emigration,810
Emotional,811
Emp,812
Empathy,813
Emperor,814
Empire,815
Empiricism,816
Empowerment,817
Encounters,818
Encryption,819
Encyclopaedia,820
Encyclopedia,821
End,822
Endurance,823
Enduring,824
Enemies,825
Enforcement,826
Engaged,827
Engineering,828
English,829
Enlightenment,830
Entangled,831
Entertainers,832
Entheogens,833
Entrepreneurship,834
Environment,835
Environmental,836
Environmentalist,837
Envy,838
Eon,839
Epic,840
Epicurean,841
Epidemic,842
Epidemiology,843
Epistemology,844
Epistolar,845
Epistolary,846
Epska,847
Equestrian,848
Equine,849
Era,850
Eros,851
Erotic,852
Erotica,853
Erotik,854
Erotismo,855
Eròtic,856
Erótica,857
Escape,858
Escaped,859
Eschatology,860
Esoteric,861
Esoterica,862
Esoterie,863
Esoterik,864
Esoterismo,865
Esp,866
Espionage,867
Espionagem,868
Espionnage,869
Spirituality,870
Essay,871
Essays,872
Ethics,873
Ethnic,874
Ethnography,875
Eugenics,876
Euro,877
European,878
Euthanasia,879
Evacuation,880
Ever,881
Evil,882
Evolution,883
Evolutionary,884
Ex,885
Excellent,886
Exciting,887
Execution,888
Executioner,889
Exile,890
Existence,891
Existencialism,892
Existencialismo,893
Existential,894
Existentialisme,895
Existentialist,896
Exorcism,897
Exorcist,898
Expanded,899
Expanse,900
Expatriate,901
Expats,902
Expedition,903
Experiment,904
Experimental,905
Exploitation,906
Explorers,907
Exploration,908
Explosions,909
Expose,910
Extinct,911
Extortion,912
Extraterrestrial,913
Extreme,914
F,915
Fable,916
Fables,917
Fabulist,918
Fact,919
Factual,920
Fae,921
Faery,922
Faerie,923
Fairy Tales,924
Fairly,925
Faith,926
Fake,927
Fall,928
Fallen,929
Falling,930
Fallout,931
False,932
Fame,933
Family,934
Families,935
Famine,936
Famtasy,937
Fan,938
Fanasty,939
Fanatasy,940
Fanfic,941
Fant,942
Fantacy,943
Fantaisie,944
Fantasy,945
Fante,946
Far,947
Farce,948
Farm,949
Farming,950
Farsi,951
Fashion,952
Fashioncostume,953
Fast,954
Fate,955
Fated,956
Father,957
Fathers,958
Fbi,959
Fear,960
Fearless,961
Feel,962
Fem,963
Female,964
Femdom,965
Feminism,966
Feminisme,967
Feminismo,968
Feminist,969
Feminista,970
Femme,971
Feral,972
Fertility,973
Feudal,974
Fever,975
Fey,976
Ff,977
Fiabe,978
Fic,979
Ficcao,980
Ficcion,981
Ficción,982
Ficition,983
Ficiton,984
Fict,985
Fictie,986
Fictio,987
Fictitious,988
Ficçao,989
Ficção,990
Fighter,991
Fighting,992
Fiksi,993
Fiktio,994
Fiktion,995
Filipiniana,996
Filipino,997
Filosófia,998
Finance,999
Financial,1000
Fine,1001
Finishing,1002
Finnish,1003
Fire,1004
Firebird,1005
Firefly,1006
Religion,1007
Fireproof,1008
First,1009
Firstborn,1010
Fixi,1011
Flash,1012
Flight,1013
Flintlock,1014
Florida,1015
Fluff,1016
Fluffy,1017
Fluke,1018
Flying,1019
Folk,1020
Folklore,1021
Folktale,1022
Food,1023
Foodie,1024
Foodwriting,1025
Fools,1026
Forbidden,1027
Force,1028
Forced,1029
Foreign,1030
Forensic,1031
Forest,1032
Forever,1033
Forgery,1034
Forgiveness,1035
Formic,1036
Fossils,1037
Foster,1038
Fractured,1039
Frame,1040
Francesa,1041
Franco,1042
Francophilia,1043
Francophone,1044
Franken,1045
Frankenstein,1046
Fraud,1047
Freaks,1048
Free,1049
Freedom,1050
French,1051
Friend,1052
Friends,1053
Friendship,1054
Frog,1055
Frontier,1056
Frontlines,1057
Frost,1058
Fucked,1059
Fugitive,1060
Full,1061
Fumetti,1062
Fumetto,1063
Fun,1064
Fundamentalism,1065
Funeral,1066
Funny,1067
Future,1068
Futuristic,1069
Futurology,1070
G,1071
Galactic,1072
Galapagos,1073
Gallic,1074
Gamblers,1075
Gambling,1076
Game,1077
Gamification,1078
Gang,1079
Gangster,1080
Gargoyles,1081
Gastronomy,1082
Gatekeepers,1083
Gaul,1084
LGBTQ,1085
Gblt,1086
Geek,1087
Geisha,1088
Gender,1089
General,1090
Generation,1091
Generational,1092
Genetic,1093
Genocide,1094
Genre,1095
Gentle,1096
Gentry,1097
Geology,1098
Geopolitics,1099
Georgian,1100
German,1101
Germania,1102
Gestalt,1103
Gettysburg,1104
Ghost,1105
Ghosties,1106
Ghosts,1107
Ghouls,1108
Gialli,1109
Giallo,1110
Giant,1111
Gifted,1112
Gigolo,1113
Gilded,1114
Girl,1115
Girlboss,1116
Girlhood,1117
Girls,1118
Girly,1119
Gizem,1120
Glam,1121
Glbt,1122
Glbtq,1123
Glbtqi,1124
Global,1125
Gnomes,1126
Gnosis,1127
Gnostic,1128
Goblins,1129
God,1130
Goddess,1131
Godly,1132
Gods,1133
Gold,1134
Golden,1135
Golems,1136
Goncourt,1137
Gonzo,1138
Good,1139
Goosebumps,1140
Gore,1141
Gospel,1142
Gossip,1143
Goth,1144
Gothic,1145
Governess,1146
Government,1147
Grail,1148
Graphic Novels,1149
Great,1150
Greco,1151
Greed,1152
Greek,1153
Grey,1154
Grief,1155
Grieving,1156
Grim,1157
Grimdark,1158
Grimoire,1159
Grit,1160
Gritty,1161
Grovel,1162
Groveling,1163
Growth,1164
Gruesome,1165
Guardian,1166
Guards,1167
Guerra,1168
Guerrilla,1169
Guilt,1170
Guilty,1171
Gulag,1172
Gunpowder,1173
Guns,1174
Gunslinger,1175
Gutsy,1176
Gypsy,1177
Hacker,1178
Hacking,1179
Hades,1180
Half,1181
Halloween,1182
Hallucinations,1183
Hallucinogenic,1184
Halo,1185
Handler,1186
Happily,1187
Happy,1188
Harassment,1189
Hard,1190
Hardboiled,1191
Hardcore,1192
Harem,1193
Harlem,1194
Harlequin,1195
Harpy,1196
Hasidism,1197
Hate,1198
Haunted,1199
Havana,1200
Hawaiiana,1201
Hea,1202
Healer,1203
Healing,1204
Health,1205
Heart,1206
Heartbreaking,1207
Heat,1208
Heavy,1209
Hedonism,1210
Heist,1211
Hell,1212
Herbalists,1213
Heresy,1214
Hermaphrodite,1215
Hermeneutics,1216
Heroes,1217
Heroic,1218
Heroin,1219
Hetalia,1220
Hetero,1221
Hibernation,1222
Hidden,1223
Hide,1224
High,1225
Higher,1226
Highland,1227
Highlander,1228
Highschool,1229
Hilarity,1230
Hindu,1231
Hinduism,1232
Hip,1233
Hiroshima,1234
Hispanic,1235
Hispanoamericana,1236
Hist,1237
Histoire,1238
Historical,1239
Història,1240
Històric,1241
Històrica,1242
Hitman,1243
Hive,1244
Hockey,1245
Holiday,1246
Holidays,1247
Hollows,1248
Hollywood,1249
Holmesian,1250
Holmesiana,1251
Holmsian,1252
Holocaust,1253
Holocausto,1254
Holy,1255
Home,1256
Homecoming,1257
Homesteaders,1258
Homicide,1259
Homosexual,1260
Homosexuality,1261
Honeymoon,1262
Honor,1263
Hoot,1264
Hopeless,1265
Horor,1266
Horreur,1267
Horro,1268
Horror,1269
Horse,1270
Horses,1271
Host,1272
Hostage,1273
Hot,1274
Hourglass,1275
Human,1276
Humanism,1277
Humanities,1278
Humor,1279
Humorous,1280
Humour,1281
Hungarian,1282
Hunger,1283
Hunter,1284
Hunting,1285
Hurricane,1286
Hybrids,1287
Hypnosis,1288
Hypnotism,1289
Héroïc,1290
Húmor,1291
Iberia,1292
Icefire,1293
Icelandic,1294
Idealism,1295
Identity,1296
Idioms,1297
Idolatry,1298
Idols,1299
Ilium,1300
Illegal,1301
Illness,1302
Illuminati,1303
Illusions,1304
Illustrated,1305
Imaginaire,1306
Imaginary,1307
Imagination,1308
Imagism,1309
Immigrant,1310
Immortal,1311
Imperial,1312
Imperialism,1313
Impostors,1314
Imposture,1315
Imprisonment,1316
Impulse,1317
In,1318
Inca,1319
Incantations,1320
Incarceration,1321
Incarnations,1322
Incest,1323
Indentured,1324
India,1325
Indian,1326
Indie,1327
Indigenous,1328
Individualism,1329
Indonesian,1330
Industrial,1331
Infamous,1332
Infantil,1333
Infected,1334
Infectious,1335
Inference,1336
Inferno,1337
Infidelity,1338
Information,1339
Informational,1340
Infosec,1341
Inheritance,1342
Injustice,1343
Inmates,1344
Insanity,1345
Insatiable,1346
Insect,1347
Insomnia,1348
Inspector,1349
Inspirational,1350
Insta,1351
Instruction,1352
Instructional,1353
Intellectual,1354
Interactive,1355
Interconnected,1356
Intercourse,1357
Interfaith,1358
International,1359
Internment,1360
Interpersonal,1361
Interplanetary,1362
Interracial,1363
Intersectional,1364
Interstellar,1365
Intertwined,1366
Intriga,1367
Intrigue,1368
Introspective,1369
Intuition,1370
Invasion,1371
Investigator,1372
Investigative,1373
Invisibility,1374
Iranian,1375
Ireland,1376
Irish,1377
Islam,1378
Islamic,1379
Islamophobia,1380
Island,1381
Islandia,1382
Isolation,1383
Israeli,1384
It,1385
Italian,1386
Italiana,1387
J,1388
Jaff,1389
Jail,1390
Japan,1391
Japanese,1392
Jazz,1393
Jealous,1394
Jealousy,1395
Jedi,1396
Jeunesse,1397
Jewish,1398
Jfic,1399
Josei,1400
Journals,1401
Journalism,1402
Journalist,1403
Journey,1404
Jousei,1405
Judaica,1406
Judaism,1407
Judges,1408
Judicial,1409
Jugendbuch,1410
Jungian,1411
Jungle,1412
Junior,1413
Jurisprudence,1414
Jurors,1415
Jury,1416
Justice,1417
Juv,1418
Juvenil,1419
Juvenile,1420
Juvenis,1421
Juvie,1422
Kabbalah,1423
Kafkaesque,1424
Kami,1425
Keepers,1426
Kepler,1427
Kgb,1428
Khmer,1429
Kick,1430
Kickass,1431
Kid,1432
Kiddie,1433
Kidlit,1434
Kidnap,1435
Kidnapping,1436
Kids,1437
Kids-Book,1438
Killer,1439
Kindle,1440
Kingdom,1441
Kink,1442
Kinky,1443
Kisses,1444
Klasik,1445
Klux,1446
Knights,1447
Knit,1448
Known,1449
Komedi,1450
Komiksy,1451
Koran,1452
Korean,1453
Kowloon,1454
Krim,1455
Krimi,1456
Krimier,1457
Kryminały,1458
Ku,1459
Labyrinth,1460
Lad,1461
Lady,1462
Language,1463
Larceny,1464
Late,1465
Latin,1466
Latina,1467
Latinamerican,1468
Latino,1469
Latinoamericana,1470
Latinoamericano,1471
Latinx,1472
Latter,1473
Law,1474
Lawyer,1475
Lawyers,1476
Lds,1477
Leadership,1478
Learning,1479
Lebanese,1480
Legal,1481
Legend,1482
Legion,1483
Leopard,1484
Lesfic,1485
Letter,1486
Letteratura,1487
Letters,1488
Level,1489
Leídos,1490
Lgtb,1491
Liberation,1492
Liberty,1493
Library,1494
Lies,1495
Life,1496
Light,1497
Linguistic,1498
Linguistics,1499
Lit,1500
Literary,1501
Literary Fiction,1502
Litrpg,1503
Litterature,1504
Littérature,1505
Lockdown,1506
Locus,1507
London,1508
Lone,1509
Longevity,1510
Losing,1511
Loss,1512
Lost,1513
Lottery,1514
Low,1515
Lurve,1516
Lusophone,1517
Lux,1518
Lycans,1519
Lycanthropes,1520
Lynchings,1521
M,1522
Macabre,1523
Madness,1524
Mafia,1525
Mafiosi,1526
Mafioso,1527
Mages,1528
Magia,1529
Magik,1530
Magyk,1531
Maids,1532
Mail,1533
Mainly,1534
Mainstream,1535
Makeover,1536
Malay,1537
Malaysian,1538
Male,1539
Man,1540
Management,1541
Manga,1542
Mangas,1543
Manhattan,1544
Manhwa,1545
Manifest,1546
Manners,1547
Manwhore,1548
Maori,1549
Marine,1550
Marital,1551
Maritime,1552
Marked,1553
Marketing,1554
Marriage,1555
Marriages,1556
Married,1557
Mars,1558
Martial,1559
Martyrs,1560
Marx,1561
Marxism,1562
Masada,1563
Masculinity,1564
Mash,1565
Mashup,1566
Mass,1567
Massacres,1568
Matched,1569
Mates,1570
Math,1571
Mathematics,1572
Maths,1573
Mature,1574
May,1575
Mc,1576
Mccarthyism,1577
Mead,1578
Mecha,1579
Mechanics,1580
Media,1581
Mediaeval,1582
Mediator,1583
Medical,1584
Medicine,1585
Medieval,1586
Meditation,1587
Mediterranean,1588
Mediums,1589
Memetics,1590
Memior,1591
Memoir,1592
Memory,1593
Men,1594
Mena,1595
Menage,1596
Mennonite,1597
Mental,1598
Mercenary,1599
Mercy,1600
Merfolk,1601
Mermaid,1602
Mermaids,1603
Merpeople,1604
Mesoamerica,1605
Mesopotamia,1606
Metaethics,1607
Metaphysics,1608
Metaphysical,1609
Meteorites,1610
Meteorology,1611
Metis,1612
Metro,1613
Metropop,1614
Mexican,1615
Mf,1616
Mfm,1617
Mg,1618
Micro,1619
Microbiology,1620
Microeconomics,1621
Middle,1622
Middlegrade,1623
Midwife,1624
Midwives,1625
Migration,1626
Mil,1627
Military,1628
Milkweed,1629
Millionaire,1630
Mind,1631
Mindfuck,1632
Mindfulness,1633
Miracle,1634
Misanthropy,1635
Miscarriage,1636
Miscellaneous,1637
Mischief,1638
Missing,1639
Missiology,1640
Missionary,1641
Missions,1642
Mistaken,1643
Misterio,1644
Mistery,1645
Mistresses,1646
Misunderstanding,1647
Mithermages,1648
Mitologia,1649
Mitteleuropa,1650
Mixed,1651
Mm,1652
Mmf,1653
Mob,1654
Mobster,1655
Moc,1656
Modern,1657
Modernist,1658
Modernlit,1659
Mohini,1660
Mom,1661
Monarchy,1662
Monastery,1663
Monasticism,1664
Mongols,1665
Monks,1666
Monster,1667
Monsters,1668
Moral,1669
Mormon,1670
Mortality,1671
Mossad,1672
Mother,1673
Mothers,1674
Motivational,1675
Motorcycle,1676
Mountain,1677
Mountaineering,1678
Mpd,1679
Mughal,1680
Multi,1681
Multicultural,1682
Multigenerational,1683
Multiple,1684
Multiplicity,1685
Multiverse,1686
Mummy,1687
Murder,1688
Music,1689
Musical,1690
Musicals,1691
Musketeers,1692
Muslim,1693
Mutants,1694
Mutation,1695
Mute,1696
Mutiny,1697
Myst,1698
Mysteries,1699
Mystic,1700
Mythology,1701
Ménage,1702
Na,1703
Nacionais,1704
Nagas,1705
Nai,1706
Nanny,1707
Nanotech,1708
Nanotechnology,1709
Nantucket,1710
Napoleonic,1711
Narcos,1712
Narcotic,1713
Narrativa,1714
Narrative,1715
National,1716
Nationalism,1717
Native,1718
Nativeamerican,1719
Natural,1720
Nature,1721
Naturalist,1722
Naughty,1723
Nautical,1724
Navajo,1725
Naval,1726
Navy,1727
Nazi,1728
Nazism,1729
Near,1730
Nebula,1731
Neglect,1732
Negotiation,1733
Neighbors,1734
Neo,1735
Neopagan,1736
Nephilim,1737
Neuro,1738
Neurobiology,1739
Psychology,1740
Never,1741
Neverland,1742
New,1743
Newbery,1744
Nf,1745
Nigerian,1746
Night,1747
Nightmares,1748
Nightshade,1749
Nightside,1750
Nightwalker,1751
Nightworld,1752
Nihilism,1753
Nihilistic,1754
Nimbus,1755
Nineteenth,1756
Ninja,1757
No,1758
Nocturnal,1759
Noir,1760
Non,1761
Nonduality,1762
Nonfiction,1763
Non-Fict,1764
Nonviolence,1765
Nordic,1766
Norse,1767
North,1768
Northmen,1769
Norwegian,1770
Nouveau,1771
Nouvelles,1772
Novel,1773
Novela,1774
Novella,1775
Novellas,1776
Novels,1777
Ntr,1778
Nuclear,1779
Nuns,1780
Nursery,1781
Nursing,1782
Nusantara,1783
Nypd,1784
Nárnia,1785
Oasis,1786
Obedience,1787
Objectivism,1788
Obsession,1789
Obsessive,1790
Occult,1791
Occupation,1792
Ocean,1793
Oceania,1794
Odd,1795
Odyssey,1796
Office,1797
Old,1798
Older,1799
Olympians,1800
On,1801
One,1802
Oni,1803
Online,1804
Onomatopoeia,1805
Opera,1806
Operative,1807
Opium,1808
Opposites,1809
Oppression,1810
Oral,1811
Orbit,1812
Ordinary,1813
Organized,1814
Orient,1815
Origin,1816
Orphan,1817
Orphanage,1818
Orrore,1819
Orthodoxy,1820
Other,1821
Otherworld,1822
Oulipo,1823
Outdoor,1824
Outdoors,1825
Outer,1826
Outlaws,1827
Overcoming,1828
Overpopulation,1829
Pacific,1830
Pact,1831
Pagan,1832
Paganism,1833
Paleo,1834
Paleontology,1835
Palestinian,1836
Pan,1837
Pandemic,1838
Pantheon,1839
Paparazzi,1840
Para,1841
Parable,1842
Paradise,1843
Parallel,1844
Paranoia,1845
Paranormal,1846
Parasites,1847
Parental,1848
Parenting,1849
Parody,1850
Partisans,1851
Passing,1852
Passion,1853
Past,1854
Pastiche,1855
Pastoral,1856
Pathfinder,1857
Patristics,1858
Pedagogy,1859
Penal,1860
Peninsular,1861
Perception,1862
Performance,1863
Performing,1864
Perfume,1865
Period,1866
Persecution,1867
Perseverance,1868
Persia,1869
Persian,1870
Persiannovel,1871
Personal,1872
Personality,1873
Persuasion,1874
Peruvian,1875
Phantom,1876
Pharaohs,1877
Philippine,1878
Philology,1879
Philosophy,1880
Phobias,1881
Photography,1882
Physical,1883
Physics,1884
Picaresca,1885
Picaresque,1886
Picture,1887
Picturebook,1888
Pilgrimage,1889
Pilgrims,1890
Pinoy,1891
Pioneers,1892
Pirate,1893
Pixies,1894
Plague,1895
Plane,1896
Planetary,1897
Planets,1898
Plantagenet,1899
Plantation,1900
Play,1901
Playboy,1902
Players,1903
Plays,1904
Play-Script,1905
Pleasure,1906
Plot,1907
Pnr,1908
Poc,1909
Poem,1910
Poesia,1911
Poesía,1912
Poetry,1913
Point,1914
Poison,1915
Polar,1916
Poli,1917
Police,1918
Policewomen,1919
Policiaca,1920
Policiais,1921
Policial,1922
Policier,1923
Polish,1924
Polisiye,1925
Politics,1926
Political,1927
Politiste,1928
Pollution,1929
Poly,1930
Polygamy,1931
Política,1932
Pompeii,1933
Pop,1934
Popular,1935
Porn,1936
Pornography,1937
Portuguese,1938
Possesive,1939
Possess,1940
Possessive,1941
Post,1942
Postal,1943
Post-Apocalyptic,1944
Postcolonial,1945
Posthuman,1946
Postmodern,1947
Poststructuralism,1948
Poverty,1949
Powder,1950
Power,1951
Powers,1952
Powiesc,1953
Practical,1954
Prairie,1955
Prayer,1956
Pre,1957
Preacher,1958
Preaching,1959
Prediction,1960
Pregnancy,1961
Pregnant,1962
Prejudice,1963
Premonition,1964
Prep,1965
Preschool,1966
Preservation,1967
Presidential,1968
Preteen,1969
Prey,1970
Pride,1971
Priests,1972
Prince,1973
Princess,1974
Prison,1975
Private,1976
Privateers,1977
Problem,1978
Procedural,1979
Prodigal,1980
Professional,1981
Professions,1982
Profiling,1983
Programming,1984
Progressive,1985
Prohibition,1986
Propaganda,1987
Proper,1988
Prophecy,1989
Prophetic,1990
Prosa,1991
Prose,1992
Prosecutors,1993
Prosperity,1994
Prostitutes,1995
Protection,1996
Protective,1997
Protectors,1998
Providence,1999
Proza,2000
Pseudo,2001
Psichology,2002
Psico,2003
Psicologia,2004
Psicología,2005
Psicom,2006
Psihologija,2007
Psikologi,2008
Psikoloji,2009
Psy,2010
Psych,2011
Psychedelia,2012
Psychedelic,2013
Psychiatric,2014
Psychiatry,2015
Psychic,2016
Psycho,2017
Psychoanalysis,2018
Psychonautics,2019
Psychopath,2020
Psychopathology,2021
Psychopaths,2022
Psychopathy,2023
Psychotherapy,2024
Thriller,2025
Ptsd,2026
Pua,2027
Pulp,2028
Punishment,2029
Punk,2030
Pure,2031
Purge,2032
Puritan,2033
Purity,2034
Pushing,2035
Puzzle,2036
Quantum,2037
Queer,2038
Quest,2039
Quickies,2040
Quirky,2041
Québécois,2042
Racconti,2043
Race,2044
Racial,2045
Racism,2046
Rags,2047
Rainforest,2048
Rake,2049
Rama,2050
Ranger,2051
Rape,2052
Rapture,2053
Rationalism,2054
Re,2055
Real,2056
Realism,2057
Realismo,2058
Realistic,2059
Reality,2060
Realms,2061
Reaper,2062
Rebellion,2063
Reboot,2064
Reborn,2065
Rebus,2066
Recluce,2067
Recluse,2068
Reconstruction,2069
Red,2070
Redemption,2071
Reformation,2072
Reformed,2073
Refugee,2074
Regal,2075
Regency,2076
Regular,2077
Reichs,2078
Reincarnation,2079
Relations,2080
Relationship,2081
Relationships,2082
Relativity,2083
Relatos,2084
Remarried,2085
Renaissance,2086
Repentance,2087
Reportage,2088
Reporter,2089
Repressed,2090
Reputations,2091
Rescue,2092
Resilience,2093
Resistance,2094
Restoration,2095
Resurrection,2096
Retelling,2097
Retold,2098
Rev,2099
Revelation,2100
Revenants,2101
Revenge,2102
Reverse,2103
Revival,2104
Revolution,2105
Revolutionary,2106
Rhetoric,2107
Rhyme,2108
Rich,2109
Ripper,2110
Rites,2111
Rivalry,2112
Ro,2113
Road,2114
Roadtrip,2115
Robberies,2116
Robbers,2117
Robot,2118
Rock,2119
Rocker,2120
Rockets,2121
Rockstar,2122
Rom,2123
Roma,2124
Roman,2125
Romana,2126
Romanesti,2127
Romanian,2128
Romanov,2129
Romantic,2130
Romantica,2131
Romanticism,2132
Romantico,2133
Romantiek,2134
Romantis,2135
Romanzi,2136
Romanzo,2137
Romántica,2138
Roommates,2139
Rot,2140
Rpg,2141
Ruin,2142
Runaway,2143
Runners,2144
Running,2145
Rural,2146
Ruritania,2147
Russi,2148
Russian,2149
Sacred,2150
Sacrifice,2151
Sad,2152
Sadomasochism,2153
Saga,2154
Saggistica,2155
Sailing,2156
Saints,2157
Salem,2158
Salvage,2159
Samurai,2160
Sanguines,2161
Sarcasm,2162
Sastra,2163
Satan,2164
Satellites,2165
Satire,2166
Saucy,2167
Savages,2168
Savant,2169
Saxon,2170
Sc,2171
Scandal,2172
Scandanavian,2173
Scandi,2174
Scandinavian,2175
Scare,2176
Scarecrow,2177
Scarred,2178
Scars,2179
Scary,2180
Scepticism,2181
Scfi,2182
Schizophrenia,2183
School,2184
Schooled,2185
Scotland,2186
Scots,2187
Scottish,2188
Screenplay,2189
Screenwriting,2190
Scripture,2191
Sculptors,2192
Sea,2193
Seafaring,2194
Seaside,2195
Seasons,2196
Second,2197
Secrecy,2198
Secret,2199
Secrets,2200
Secular,2201
Security,2202
Seduction,2203
Seeds,2204
Seerah,2205
Segregation,2206
Seinen,2207
Selection,2208
Self,2209
Self-Help,2210
Sellswords,2211
Semiotics,2212
Sensation,2213
Sense,2214
Sensory,2215
Separation,2216
Sequence,2217
Sequential,2218
Serbian,2219
Serial,2220
Sermons,2221
Servants,2222
Sex,2223
Sexism,2224
Sexology,2225
Sexual,2226
Sexuality,2227
Sexwork,2228
Sexy,2229
Sexytime,2230
Sf,2231
Sff,2232
Sfff,2233
Sfr,2234
Shadowhunter,2235
Shadowlands,2236
Shaman,2237
Shambhala,2238
Shangri,2239
Shape,2240
Shapeshifter,2241
Shapeshifters,2242
Shapshifters,2243
Shared,2244
Sharkman,2245
Sharks,2246
Sheriff,2247
Sherlockian,2248
Shetland,2249
Shifter,2250
Shifters,2251
Shinigami,2252
Shipwreck,2253
Shiver,2254
Shoah,2255
Shock,2256
Shocking,2257
Shojo,2258
Shonen,2259
Shootings,2260
Shopaholic,2261
Shoplifting,2262
Short Stories,2263
Shoujo,2264
Shounen,2265
Showdown,2266
Shtf,2267
Shy,2268
Shôjo,2269
Shōnen,2270
Si,2271
Siberia,2272
Sibling,2273
Siblings,2274
Sidhe,2275
Siege,2276
Sience,2277
Sifi,2278
Silence,2279
Silk,2280
Silly,2281
Sin,2282
Single,2283
Singularity,2284
Sinners,2285
Sioux,2286
Sirens,2287
Sisterhood,2288
Sith,2289
Situationist,2290
Skepticism,2291
Skinjacker,2292
Skinwalker,2293
Skulduggery,2294
Skullduggery,2295
Slash,2296
Slaughter,2297
Slave,2298
Slavery,2299
Sleepwalking,2300
Sleuths,2301
Slice,2302
Slipstream,2303
Slow,2304
Slowburn,2305
Small,2306
Smexy,2307
Smoking,2308
Smugglers,2309
Smuggling,2310
Smut,2311
Smutt,2312
Smutty,2313
Sniper,2314
Snuff,2315
Social,2316
Socialism,2317
Socialissues,2318
Society,2319
Socio,2320
Sociobiology,2321
Sociology,2322
Sociopath,2323
Sociopathy,2324
Soft,2325
Soldier,2326
Solitude,2327
Sonnets,2328
Sorcery,2329
Sota,2330
Soul,2331
Soulmate,2332
Souls,2333
South,2334
Southern,2335
Soviet,2336
Space,2337
Spaceflight,2338
Spaceships,2339
Spanish,2340
Spanning,2341
Sparta,2342
Speak,2343
Spec,2344
Special,2345
Species,2346
Specimens,2347
Speculative,2348
Spy,2349
Spies,2350
Spinster,2351
Spionage,2352
Spionaggio,2353
Splatterpunk,2354
Spooks,2355
Spooky,2356
Sport,2357
Sports,2358
Sprawl,2359
Sprawling,2360
Spycraft,2361
Spórt,2362
Stage,2363
Stained,2364
Stalingrad,2365
Stalinism,2366
Stalker,2367
Stalking,2368
Standalones,2369
Star,2370
Starbound,2371
Starcrossed,2372
Stealing,2373
Steam,2374
Steampunk,2375
Steamy,2376
Steel,2377
Stem,2378
Step,2379
Stepbrother,2380
Stmívání,2381
Stockholm,2382
Stoicism,2383
Stolen,2384
Stone,2385
Storia,2386
Storici,2387
Storico,2388
Storms,2389
Storybooks,2390
Storytelling,2391
Str8,2392
Stranded,2393
Strangers,2394
Strategic,2395
Strategy,2396
Stream,2397
Street,2398
String,2399
Strippers,2400
Stripping,2401
Stripteasers,2402
Strong,2403
Structuralism,2404
Student,2405
Sturgeon,2406
Subculture,2407
Subliminal,2408
Submarine,2409
Submission,2410
Substance,2411
Subterranean,2412
Urban Fiction,2413
Suburbia,2414
Succession,2415
Succubi,2416
Succubus,2417
Sudanese,2418
Suffering,2419
Suffrage,2420
Sufi,2421
Sufism,2422
Suicide,2423
Sumerian,2424
Summer,2425
Supence,2426
Super,2427
Superhero,2428
Superheroes,2429
Supernatural,2430
Supernova,2431
Superpowers,2432
Superstring,2433
Supervillains,2434
Supremacy,2435
Surreal,2436
Surrealist,2437
Surrogacy,2438
Surveillance,2439
Survival,2440
Survivalist,2441
Survivors,2442
Susp,2443
Suspence,2444
Swashbuckler,2445
Swedish,2446
Sweet,2447
Swindle,2448
Swindlers,2449
Swiss,2450
Witches,2451
Swoon,2452
Sword,2453
Swords,2454
Syfy,2455
Symbolism,2456
Syndrome,2457
Synesthesia,2458
System,2459
Systematic,2460
Taboo,2461
Tactical,2462
Tales,2463
Talismans,2464
Talk,2465
Talking,2466
Tall,2467
Talon,2468
Tamuli,2469
Tao,2470
Taoism,2471
Tarot,2472
Tartan,2473
Tarzan,2474
Tasawwuf,2475
Tattooed,2476
Teacher,2477
Teachers,2478
Teaching,2479
Tear,2480
Tearjerker,2481
Teasing,2482
Tech,2483
Technical,2484
Techno,2485
Technology,2486
Tedesca,2487
Teen,2488
Teenage,2489
Teenlit,2490
Telepathy,2491
Teleportation,2492
Temperance,2493
Templar,2494
Tengu,2495
Terminal,2496
Terraforming,2497
Terror,2498
Terrorism,2499
Terrorist,2500
Testimony,2501
Texana,2502
Textual,2503
Tf,2504
Thanatology,2505
Theater,2506
Theatre,2507
Theatrical,2508
Theft,2509
Theology,2510
Theological,2511
Theoretical,2512
Theory,2513
Theosophy,2514
Theravada,2515
Thermopylae,2516
Thief,2517
Thieves,2518
Thiller,2519
Third,2520
Thirst,2521
Thoughtless,2522
Threat,2523
Threesome,2524
Théâtre,2525
Tibetan,2526
Time,2527
Travel,2528
Toltec,2529
Torture,2530
Tortured,2531
Totalitarianism,2532
Tournament,2533
Toxicology,2534
Tr,2535
Traded,2536
Trades,2537
Traditions,2538
Traditional,2539
Trafficking,2540
Tragedy,2541
Tragic,2542
Training,2543
Traitor,2544
Traitors,2545
Trans,2546
Transcendent,2547
Transcendentalism,2548
Transfiguration,2549
Transgender,2550
Transgressive,2551
Transhuman,2552
Transitional,2553
Translated,2554
Transpersonal,2555
Transylvania,2556
Trashy,2557
Trauma,2558
Treachery,2559
Treasure,2560
Trees,2561
Trial,2562
Triangle,2563
Tribal,2564
Tribes,2565
Tribulation,2566
Trolls,2567
Troops,2568
Tropical,2569
True,2570
Truth,2571
Tsa,2572
Tsunami,2573
Tudor,2574
Tunnels,2575
Turkish,2576
Tutsi,2577
Tween,2578
Twist,2579
Twisty,2580
Uf,2581
Ugly,2582
Uk,2583
Ukrainian,2584
Uncertainty,2585
Undead,2586
Under,2587
Undercover,2588
Underground,2589
Underwater,2590
Underworld,2591
Unearthly,2592
Unenchanted,2593
Unicorn,2594
United,2595
Universal,2596
Universe,2597
Unplanned,2598
Unpredictability,2599
Unreliable,2600
Unrequited,2601
Unstable,2602
Unwed,2603
Upanishads,2604
Uplift,2605
Urania,2606
Us,2607
Utilitarianism,2608
Utopia,2609
Utopian,2610
Utopía,2611
Vaginal,2612
Valkyrie,2613
Vampires,2614
Variant,2615
Vatican,2616
Vedanta,2617
Vegan,2618
Verse,2619
Vertigo,2620
Veterinarians,2621
Veterinary,2622
Victims,2623
Victorian,2624
Victoriana,2625
Video,2626
Videogame,2627
Vietnam,2628
Vigilantes,2629
Vignettes,2630
Viking,2631
Villains,2632
Vinge,2633
Vintage,2634
Violence,2635
Violent,2636
Virago,2637
Virgin,2638
Virtual,2639
Virtue,2640
Virus,2641
Viruses,2642
Vision,2643
Void,2644
Voodoo,2645
Wallflower,2646
Weapons,2647
Web,2648
Webcomic,2649
Wedding,2650
Weird,2651
Well,2652
Welsh,2653
Were,2654
Werecats,2655
Weres,2656
Werewolf,2657
Werewolves,2658
Werwolves,2659
Western,2660
Whaling,2661
Whimsical,2662
White,2663
Who,2664
Whodunit,2665
Whodunnit,2666
Wicca,2667
Wiccan,2668
Wicked,2669
Widow,2670
Wiedzmin,2671
Wiedźmin,2672
Wild,2673
Wilderness,2674
Wildlife,2675
Wildstorm,2676
Winter,2677
Wired,2678
Wit,2679
Witness,2680
Witty,2681
Wives,2682
Wizard,2683
Wizards,2684
Wlw,2685
Woc,2686
Wolf,2687
Wolves,2688
Woman,2689
Womanhood,2690
Womans,2691
Women,2692
Womens,2693
Wonder,2694
Wonderland,2695
Wondrous,2696
Wordplay,2697
Work,2698
Workplace,2699
World,2700
Wormholes,2701
Worms,2702
Worship,2703
Wow,2704
Writing,2705
Ww,2706
Ww1,2707
Ww2,2708
Wwi,2709
Wwii,2710
Wyzyrd,2711
Xanth,2712
Y,2713
Yellow,2714
Young,2715
Younger,2716
Youth,2717
Zaklinac,2718
Zamonia,2719
Zebra,2720
Zen,2721
Zodiac,2722
Zombies,2723
Zoology,2724
